dataset,mode,route_bits,route_strategy,top_p,prefetch_distance,ef,graph_fingerprint,route_fingerprint,index_bytes,recall,qps,avg_latency_us,p50_us,p95_us,p99_us,route_top4_float_top1_coverage,route_top8_float_top4_coverage,visited_nodes,distance_computations,neighbors_seen,neighbors_unvisited,route_scored,priority_full_count,remaining_full_count,route_score_us,top_p_select_us,full_distance_us,queue_update_us,traversal_us,route_oracle_samples,route_top1_matches_float_top1,route_top4_contains_float_top1,route_top8_float_top4_hits,route_top8_float_top4_total
dbpedia,baseline,0,,0,8,64,10578023270251871138,0,1159832224,0.92758,1028.41787824636,969.58215396,957.9735000000001,1312.63675,1540.0955599999975,0.0,0.0,1274.476,1274.476,0.0,0.0,0.0,0.0,0.0,0.0,0.0,0.0,0.0,877.4160421999985,0.0,0.0,0.0,0.0,0.0
dbpedia,baseline,0,,0,8,96,10578023270251871138,0,1159832224,0.94352,808.7296263804271,1233.72172112,1235.2615,1596.291,1849.3797699999996,0.0,0.0,1730.5306,1730.5306,0.0,0.0,0.0,0.0,0.0,0.0,0.0,0.0,0.0,1161.480641799999,0.0,0.0,0.0,0.0,0.0
dbpedia,baseline,0,,0,8,128,10578023270251871138,0,1159832224,0.9496,660.179735285344,1511.92039576,1518.0275000000001,1957.72805,2195.7107099999944,0.0,0.0,2161.1894,2161.1894,0.0,0.0,0.0,0.0,0.0,0.0,0.0,0.0,0.0,1452.9429080000016,0.0,0.0,0.0,0.0,0.0
dbpedia,baseline,0,,0,8,192,10578023270251871138,0,1159832224,0.95548,485.13685006310476,2058.40332092,2070.206,2709.4917499999997,2908.4177899999986,0.0,0.0,2977.8842,2977.8842,0.0,0.0,0.0,0.0,0.0,0.0,0.0,0.0,0.0,1979.9286486000046,0.0,0.0,0.0,0.0,0.0
dbpedia,baseline,0,,0,8,256,10578023270251871138,0,1159832224,0.95834,385.0363029832771,2594.264802,2608.1675,3457.441,3736.105199999997,0.0,0.0,3750.0314,3750.0314,0.0,0.0,0.0,0.0,0.0,0.0,0.0,0.0,0.0,2508.367181799995,0.0,0.0,0.0,0.0,0.0
dbpedia,baseline,0,,0,8,460,10578023270251871138,0,1159832224,0.96282,238.4433926896767,4191.00518,4206.1625,5700.58195,6122.154459999999,0.0,0.0,6028.8776,6028.8776,0.0,0.0,0.0,0.0,0.0,0.0,0.0,0.0,0.0,4094.4241322000003,0.0,0.0,0.0,0.0,0.0
dbpedia,batch_prefetch,0,,0,2,64,10578023270251871138,0,1159832224,0.92758,1145.6728815225702,870.08971672,870.9245000000001,1102.71495,1275.26674,0.0,0.0,1274.476,1274.476,1572.4744,1149.8738,0.0,0.0,1149.8738,0.0,0.0,659.0566596,33.07240280000014,800.6861012,0.0,0.0,0.0,0.0,0.0
dbpedia,batch_prefetch,0,,0,2,96,10578023270251871138,0,1159832224,0.94352,857.304077840926,1163.59951588,1167.9285,1482.5706,1654.456479999998,0.0,0.0,1730.5306,1730.5306,2316.4534,1605.9284,0.0,0.0,1605.9284,0.0,0.0,925.4783687999987,45.8920644,1101.163907799999,0.0,0.0,0.0,0.0,0.0
dbpedia,batch_prefetch,0,,0,2,128,10578023270251871138,0,1159832224,0.9496,689.9039512346727,1446.64522372,1451.7145,1863.3445,2055.1811899999993,0.0,0.0,2161.1894,2161.1894,3060.2412,2036.5872,0.0,0.0,2036.5872,0.0,0.0,1168.6969456000036,58.543180599999914,1378.6222274000006,0.0,0.0,0.0,0.0,0.0
dbpedia,batch_prefetch,0,,0,2,192,10578023270251871138,0,1159832224,0.95548,505.1718249023097,1976.50188012,1984.7015000000001,2591.76345,2823.5591099999997,0.0,0.0,2977.8842,2977.8842,4555.4248,2853.282,0.0,0.0,2853.282,0.0,0.0,1643.991895600003,82.05723259999988,1920.3641253999938,0.0,0.0,0.0,0.0,0.0
dbpedia,batch_prefetch,0,,0,2,256,10578023270251871138,0,1159832224,0.95834,399.6291296780558,2499.39763184,2509.139,3311.91545,3583.0642,0.0,0.0,3750.0314,3750.0314,6050.3076,3625.4292,0.0,0.0,3625.4292,0.0,0.0,2094.262025400009,105.50504619999947,2438.276468600002,0.0,0.0,0.0,0.0,0.0
dbpedia,batch_prefetch,0,,0,2,460,10578023270251871138,0,1159832224,0.96282,246.5016823773549,4053.42007992,4062.01,5503.79205,5945.61312,0.0,0.0,6028.8776,6028.8776,10818.8032,5904.2754,0.0,0.0,5904.2754,0.0,0.0,3323.866521000001,174.79713879999957,3861.415340400001,0.0,0.0,0.0,0.0,0.0
dbpedia,batch_prefetch,0,,0,4,64,10578023270251871138,0,1159832224,0.92758,1133.6440327268201,879.33125736,878.4860000000001,1121.4125000000001,1312.8214199999977,0.0,0.0,1274.476,1274.476,1572.4744,1149.8738,0.0,0.0,1149.8738,0.0,0.0,683.3519682000007,32.93080779999999,824.3036158000023,0.0,0.0,0.0,0.0,0.0
dbpedia,batch_prefetch,0,,0,4,96,10578023270251871138,0,1159832224,0.94352,856.2732714793408,1165.08606968,1168.8445000000002,1483.2712999999999,1672.6562799999997,0.0,0.0,1730.5306,1730.5306,2316.4534,1605.9284,0.0,0.0,1605.9284,0.0,0.0,930.188283999999,45.987567599999906,1103.1441398000009,0.0,0.0,0.0,0.0,0.0
dbpedia,batch_prefetch,0,,0,4,128,10578023270251871138,0,1159832224,0.9496,690.1242390963911,1446.098878,1452.0985,1854.88765,2048.9350299999987,0.0,0.0,2161.1894,2161.1894,3060.2412,2036.5872,0.0,0.0,2036.5872,0.0,0.0,1188.9337148,58.60639820000017,1395.9755763999974,0.0,0.0,0.0,0.0,0.0
dbpedia,batch_prefetch,0,,0,4,192,10578023270251871138,0,1159832224,0.95548,502.17530438210446,1988.377411,1998.021,2598.30615,2802.0798199999986,0.0,0.0,2977.8842,2977.8842,4555.4248,2853.282,0.0,0.0,2853.282,0.0,0.0,1638.086056800003,81.96365460000003,1912.7873920000027,0.0,0.0,0.0,0.0,0.0
dbpedia,batch_prefetch,0,,0,4,256,10578023270251871138,0,1159832224,0.95834,399.15710106852674,2502.28806348,2513.932,3307.3849,3579.0251899999994,0.0,0.0,3750.0314,3750.0314,6050.3076,3625.4292,0.0,0.0,3625.4292,0.0,0.0,2095.5127851999964,105.29505800000008,2430.533136400002,0.0,0.0,0.0,0.0,0.0
dbpedia,batch_prefetch,0,,0,4,460,10578023270251871138,0,1159832224,0.96282,245.6999390240641,4066.95949776,4078.3315000000002,5497.48205,5910.120579999998,0.0,0.0,6028.8776,6028.8776,10818.8032,5904.2754,0.0,0.0,5904.2754,0.0,0.0,3479.4276550000036,175.1430168000004,4017.910226799996,0.0,0.0,0.0,0.0,0.0
dbpedia,batch_prefetch,0,,0,8,64,10578023270251871138,0,1159832224,0.92758,1097.7313995878483,908.17716796,910.0305000000001,1145.0418,1316.7252299999996,0.0,0.0,1274.476,1274.476,1572.4744,1149.8738,0.0,0.0,1149.8738,0.0,0.0,697.6855790000005,33.07380679999998,838.9709041999988,0.0,0.0,0.0,0.0,0.0
dbpedia,batch_prefetch,0,,0,8,96,10578023270251871138,0,1159832224,0.94352,818.4278066208159,1219.01080672,1224.048,1546.6637,1728.84263,0.0,0.0,1730.5306,1730.5306,2316.4534,1605.9284,0.0,0.0,1605.9284,0.0,0.0,970.0146983999996,45.69023020000008,1144.8377343999985,0.0,0.0,0.0,0.0,0.0
dbpedia,batch_prefetch,0,,0,8,128,10578023270251871138,0,1159832224,0.9496,657.6699259886269,1517.6071668,1524.9695000000002,1943.3584499999997,2152.14763,0.0,0.0,2161.1894,2161.1894,3060.2412,2036.5872,0.0,0.0,2036.5872,0.0,0.0,1233.5849295999985,58.55989240000007,1442.7062735999975,0.0,0.0,0.0,0.0,0.0
dbpedia,batch_prefetch,0,,0,8,192,10578023270251871138,0,1159832224,0.95548,479.5596665143074,2082.28265152,2094.8545000000004,2715.2691499999996,2935.1364399999998,0.0,0.0,2977.8842,2977.8842,4555.4248,2853.282,0.0,0.0,2853.282,0.0,0.0,1733.6702274000031,81.87833240000036,2006.2752899999957,0.0,0.0,0.0,0.0,0.0
dbpedia,batch_prefetch,0,,0,8,256,10578023270251871138,0,1159832224,0.95834,380.269172418922,2626.7934356,2641.2495,3466.1555,3739.8910199999996,0.0,0.0,3750.0314,3750.0314,6050.3076,3625.4292,0.0,0.0,3625.4292,0.0,0.0,2207.533982200005,105.04092699999981,2546.098916200004,0.0,0.0,0.0,0.0,0.0
dbpedia,batch_prefetch,0,,0,8,460,10578023270251871138,0,1159832224,0.96282,235.21335464986828,4248.3714806,4267.0305,5728.2885,6144.58199,0.0,0.0,6028.8776,6028.8776,10818.8032,5904.2754,0.0,0.0,5904.2754,0.0,0.0,3610.3098481999978,174.67484539999998,4148.511324600004,0.0,0.0,0.0,0.0,0.0
dbpedia,batch_prefetch,0,,0,16,64,10578023270251871138,0,1159832224,0.92758,1051.49735102091,948.19809728,949.9929999999999,1208.5638499999998,1402.9000499999997,0.0,0.0,1274.476,1274.476,1572.4744,1149.8738,0.0,0.0,1149.8738,0.0,0.0,747.7783015999987,32.905898600000015,890.1469494000005,0.0,0.0,0.0,0.0,0.0
dbpedia,batch_prefetch,0,,0,16,96,10578023270251871138,0,1159832224,0.94352,783.6169059073527,1273.29287976,1281.0465,1624.42615,1828.9705699999984,0.0,0.0,1730.5306,1730.5306,2316.4534,1605.9284,0.0,0.0,1605.9284,0.0,0.0,1052.305634600002,46.00004999999995,1234.1748033999993,0.0,0.0,0.0,0.0,0.0
dbpedia,batch_prefetch,0,,0,16,128,10578023270251871138,0,1159832224,0.9496,633.6830514890692,1575.14863204,1586.813,2024.65055,2223.84516,0.0,0.0,2161.1894,2161.1894,3060.2412,2036.5872,0.0,0.0,2036.5872,0.0,0.0,1303.3747888000016,58.51706920000012,1510.3356372000042,0.0,0.0,0.0,0.0,0.0
dbpedia,batch_prefetch,0,,0,16,192,10578023270251871138,0,1159832224,0.95548,461.28840512957584,2164.99497908,2180.746,2832.33245,3054.013549999999,0.0,0.0,2977.8842,2977.8842,4555.4248,2853.282,0.0,0.0,2853.282,0.0,0.0,1821.6861745999988,81.89120860000008,2095.137195400007,0.0,0.0,0.0,0.0,0.0
dbpedia,batch_prefetch,0,,0,16,256,10578023270251871138,0,1159832224,0.95834,366.5986272378676,2724.71366072,2742.112,3615.3048,3892.574709999995,0.0,0.0,3750.0314,3750.0314,6050.3076,3625.4292,0.0,0.0,3625.4292,0.0,0.0,2308.4030522,105.1299289999999,2645.485191400001,0.0,0.0,0.0,0.0,0.0
dbpedia,batch_prefetch,0,,0,16,460,10578023270251871138,0,1159832224,0.96282,226.70376300971705,4407.98483704,4422.8150000000005,5998.43305,6450.08814,0.0,0.0,6028.8776,6028.8776,10818.8032,5904.2754,0.0,0.0,5904.2754,0.0,0.0,3775.6368718000062,174.75611439999963,4311.1769514000025,0.0,0.0,0.0,0.0,0.0
dbpedia,route_priority,6,equal_interval,2,8,64,10578023270251871138,1411188919045112350,1159832224,0.92758,837.1568233755263,1191.41024508,1193.4935,1517.5669999999998,1742.2378199999987,0.24641434262948206,0.40744060959211115,1274.476,1274.476,1572.4744,1149.8738,1149.8738,133.5022,1016.3716,44.189753600000046,24.878785800000056,868.259476399998,0.0,1129.7768104,1.004,0.0598,0.2474,1.6362,4.0158
dbpedia,route_priority,6,equal_interval,2,8,96,10578023270251871138,1411188919045112350,1159832224,0.94352,625.3394591341206,1596.29148112,1598.3455,2063.7320999999997,2331.6732599999996,0.2644983651695061,0.4396707747996208,1730.5306,1730.5306,2316.4534,1605.9284,1605.9284,196.5572,1409.3712,59.55416840000011,34.377769599999944,1214.5664456000036,0.0,1532.6609948000018,1.1622,0.075,0.3074,2.0406,4.6412
dbpedia,route_priority,6,equal_interval,2,8,128,10578023270251871138,1411188919045112350,1159832224,0.9496,492.6016721780337,2027.18732612,2035.391,2650.17035,2969.1813099999968,0.32796881247501,0.5413209593221194,2161.1894,2161.1894,3060.2412,2036.5872,2036.5872,259.3858,1777.2014,76.20684939999992,43.35311020000004,1557.4292333999977,0.0,1960.8307243999996,2.0008,0.1764,0.6562,4.293,7.9306
dbpedia,route_priority,6,equal_interval,2,8,192,10578023270251871138,1411188919045112350,1159832224,0.95548,367.6497199097357,2716.91723308,2726.276,3610.6783499999997,4029.7634799999987,0.33056397224122763,0.5444946093306688,2977.8842,2977.8842,4555.4248,2853.282,2853.282,385.1988,2468.0832,105.34148279999992,60.18448879999998,2154.5677918000015,0.0,2653.684562599997,2.0462,0.183,0.6764,4.414,8.1066
dbpedia,route_priority,6,equal_interval,2,8,256,10578023270251871138,1411188919045112350,1159832224,0.95834,288.0851093416514,3468.19292384,3480.8715,4666.7909,5146.898219999997,0.3681827262435906,0.597482891794837,3750.0314,3750.0314,6050.3076,3625.4292,3625.4292,510.3886,3115.0406,134.28351279999947,76.03985979999977,2773.7377582000017,0.0,3404.4155523999966,3.0034,0.3126,1.1058,7.0546,11.8072
dbpedia,route_priority,6,equal_interval,2,8,460,10578023270251871138,1411188919045112350,1159832224,0.96282,179.84066933176945,5557.24904264,5573.73,7644.47765,8445.71860999999,0.4188328593743742,0.6550457579728238,6028.8776,6028.8776,10818.8032,5904.2754,5904.2754,905.9614,4998.314,219.94572200000002,122.4877127999998,4482.399724000002,0.0,5468.041360600013,4.9934,0.6302,2.0914,12.6978,19.3846
dbpedia,route_priority,6,equal_interval,4,8,64,10578023270251871138,1411188919045112350,1159832224,0.92758,823.3307653764967,1211.75276284,1206.8505,1564.0717499999998,1884.8620099999994,0.24641434262948206,0.40744060959211115,1274.476,1274.476,1572.4744,1149.8738,1149.8738,265.7466,884.1272,43.473150799999885,24.880964799999997,868.9205018000025,0.0,1128.7624460000027,1.004,0.0598,0.2474,1.6362,4.0158
dbpedia,route_priority,6,equal_interval,4,8,96,10578023270251871138,1411188919045112350,1159832224,0.94352,616.1998264158248,1619.87470572,1620.8874999999998,2112.3691499999995,2406.4713299999985,0.2644983651695061,0.4396707747996208,1730.5306,1730.5306,2316.4534,1605.9284,1605.9284,390.468,1215.4604,59.7228512,34.40336420000001,1243.7719162000017,0.0,1563.073004999999,1.1622,0.075,0.3074,2.0406,4.6412
dbpedia,route_priority,6,equal_interval,4,8,128,10578023270251871138,1411188919045112350,1159832224,0.9496,491.5264341872249,2031.40118648,2039.9085,2650.39085,2973.4534899999976,0.32796881247501,0.5413209593221194,2161.1894,2161.1894,3060.2412,2036.5872,2036.5872,514.1852,1522.402,75.11386319999993,43.337950599999914,1552.1282566000039,0.0,1954.0073172000048,2.0008,0.1764,0.6562,4.293,7.9306
dbpedia,route_priority,6,equal_interval,4,8,192,10578023270251871138,1411188919045112350,1159832224,0.95548,362.1849365913406,2757.97209728,2768.7365,3663.72135,4087.5586599999965,0.33056397224122763,0.5444946093306688,2977.8842,2977.8842,4555.4248,2853.282,2853.282,760.6502,2092.6318,107.6697029999998,60.203693400000105,2190.2866920000015,0.0,2695.8168878000065,2.0462,0.183,0.6764,4.414,8.1066
dbpedia,route_priority,6,equal_interval,4,8,256,10578023270251871138,1411188919045112350,1159832224,0.95834,287.1417570216768,3479.45198228,3492.5295,4678.8626,5181.586719999999,0.3681827262435906,0.597482891794837,3750.0314,3750.0314,6050.3076,3625.4292,3625.4292,1004.4714,2620.9578,134.1881304000008,75.95901219999996,2757.3879735999963,0.0,3387.375955200003,3.0034,0.3126,1.1058,7.0546,11.8072
dbpedia,route_priority,6,equal_interval,4,8,460,10578023270251871138,1411188919045112350,1159832224,0.96282,178.89200376714803,5586.72727188,5599.6275000000005,7673.70165,8426.64034,0.4188328593743742,0.6550671109781386,6028.8776,6028.8776,10818.8032,5904.2754,5904.2754,1767.4638,4136.8116,220.1448057999994,122.47675680000006,4507.636598399994,0.0,5494.136214800005,4.9934,0.6298,2.0914,12.699,19.3858
dbpedia,route_priority,6,equal_interval,8,8,64,10578023270251871138,1411188919045112350,1159832224,0.92758,819.8287953508062,1216.89520752,1214.9895000000001,1574.9966,1827.6303699999992,0.24641434262948206,0.40744060959211115,1274.476,1274.476,1572.4744,1149.8738,1149.8738,520.0454,629.8284,43.352656400000015,24.896735999999926,888.7326167999961,0.0,1149.4248269999987,1.004,0.0598,0.2474,1.6362,4.0158
dbpedia,route_priority,6,equal_interval,8,8,96,10578023270251871138,1411188919045112350,1159832224,0.94352,619.0302025156622,1612.6344454,1613.6064999999999,2098.3505999999998,2383.5916699999984,0.2644983651695061,0.4396707747996208,1730.5306,1730.5306,2316.4534,1605.9284,1605.9284,758.4876,847.4408,59.807898800000004,34.66311460000007,1228.459723800001,0.0,1548.6590581999967,1.1622,0.075,0.3074,2.0406,4.6412
dbpedia,route_priority,6,equal_interval,8,8,128,10578023270251871138,1411188919045112350,1159832224,0.9496,492.54666304089204,2027.37981744,2038.0785,2647.0094,2972.09127,0.32796881247501,0.5413209593221194,2161.1894,2161.1894,3060.2412,2036.5872,2036.5872,992.1844,1044.4028,76.32760740000002,43.36289039999983,1576.5068963999927,0.0,1983.809599800001,2.0008,0.1764,0.6562,4.293,7.9306
dbpedia,route_priority,6,equal_interval,8,8,192,10578023270251871138,1411188919045112350,1159832224,0.95548,360.67045975515634,2769.48805068,2780.5495,3679.2092,4084.300419999999,0.33056397224122763,0.5444946093306688,2977.8842,2977.8842,4555.4248,2853.282,2853.282,1451.856,1401.426,109.33030379999995,60.2094064,2175.6352787999954,0.0,2686.6926473999993,2.0462,0.183,0.6764,4.414,8.1066
dbpedia,route_priority,6,equal_interval,8,8,256,10578023270251871138,1411188919045112350,1159832224,0.95834,286.25538570264797,3490.3749584400002,3502.5225,4704.9831,5212.007769999999,0.3681827262435906,0.597482891794837,3750.0314,3750.0314,6050.3076,3625.4292,3625.4292,1900.7446,1724.6846,134.38319760000033,75.96437639999971,2781.4228935999936,0.0,3415.645118599996,3.0034,0.3126,1.1058,7.0546,11.8072
dbpedia,route_priority,6,equal_interval,8,8,460,10578023270251871138,1411188919045112350,1159832224,0.96282,177.99858824586582,5614.71441744,5628.8994999999995,7714.981049999999,8521.597089999996,0.4188328593743742,0.6550457579728238,6028.8776,6028.8776,10818.8032,5904.2754,5904.2754,3279.3988,2624.8766,221.29244419999984,122.4608814,4509.016722200019,0.0,5503.437055799996,4.9934,0.6302,2.0914,12.6978,19.3846
dbpedia,route_priority,6,high_variance,2,8,64,10578023270251871138,15286360507271433507,1159832224,0.92758,836.7244435382627,1192.26942424,1186.757,1552.9610999999998,1881.0049799999993,0.23745019920318725,0.41451267493401067,1274.476,1274.476,1572.4744,1149.8738,1149.8738,133.5022,1016.3716,44.00500099999999,24.655652399999926,854.2265099999976,0.0,1113.8124101999965,1.004,0.0618,0.2384,1.6646,4.0158
dbpedia,route_priority,6,high_variance,2,8,96,10578023270251871138,15286360507271433507,1159832224,0.94352,622.9623466771012,1602.06982524,1602.257,2090.4932,2380.6168399999992,0.254173119944932,0.4465655433939498,1730.5306,1730.5306,2316.4534,1605.9284,1605.9284,196.5572,1409.3712,59.520474399999834,34.11242540000002,1235.9321586000053,0.0,1551.4320386,1.1622,0.0744,0.2954,2.0726,4.6412
dbpedia,route_priority,6,high_variance,2,8,128,10578023270251871138,15286360507271433507,1159832224,0.9496,493.59424416720907,2023.08492648,2031.493,2642.5241499999997,2960.3816399999987,0.32956817273090766,0.5452803066602779,2161.1894,2161.1894,3060.2412,2036.5872,2036.5872,259.3858,1777.2014,75.60945120000008,42.99854600000004,1559.4323884000019,0.0,1959.417830200004,2.0008,0.1812,0.6594,4.3244,7.9306
dbpedia,route_priority,6,high_variance,2,8,192,10578023270251871138,15286360507271433507,1159832224,0.95548,363.7257812658241,2746.322211,2755.0985,3647.3163999999997,4086.0471699999994,0.33339849477079464,0.5491574766239854,2977.8842,2977.8842,4555.4248,2853.282,2853.282,385.1988,2468.0832,105.17112979999968,59.6827186,2176.1905845999977,0.0,2673.2287782000108,2.0462,0.1888,0.6822,4.4518,8.1066
dbpedia,route_priority,6,high_variance,2,8,256,10578023270251871138,15286360507271433507,1159832224,0.95834,287.054959639686,3480.55042676,3487.8875,4688.9742,5210.120179999997,0.37657321702070984,0.6040043363371502,3750.0314,3750.0314,6050.3076,3625.4292,3625.4292,510.3886,3115.0406,136.5401034,75.36596780000016,2768.401318400001,0.0,3398.6209402000077,3.0034,0.3234,1.131,7.1316,11.8072
dbpedia,route_priority,6,high_variance,2,8,460,10578023270251871138,15286360507271433507,1159832224,0.96282,178.30201285819243,5605.24765416,5622.306500000001,7701.2377,8472.44971999999,0.4314895662274202,0.6628148117577871,6028.8776,6028.8776,10818.8032,5904.2754,5904.2754,905.9614,4998.314,225.67637100000027,121.46817439999981,4547.896801999993,0.0,5537.904207400027,4.9934,0.6628,2.1546,12.8484,19.3846
dbpedia,route_priority,6,high_variance,4,8,64,10578023270251871138,15286360507271433507,1159832224,0.92758,810.4728508496889,1231.03748448,1225.3335,1605.1827499999997,1934.79147,0.23745019920318725,0.41451267493401067,1274.476,1274.476,1572.4744,1149.8738,1149.8738,265.7466,884.1272,43.60408959999991,24.67018559999991,891.2372015999986,0.0,1153.3386784000008,1.004,0.0618,0.2384,1.6646,4.0158
dbpedia,route_priority,6,high_variance,4,8,96,10578023270251871138,15286360507271433507,1159832224,0.94352,611.6257132864766,1632.20732308,1633.3020000000001,2122.8876999999998,2420.07878,0.254173119944932,0.4465655433939498,1730.5306,1730.5306,2316.4534,1605.9284,1605.9284,390.468,1215.4604,60.32818359999997,34.4089558,1244.8226111999984,0.0,1564.5180458000013,1.1622,0.0744,0.2954,2.0726,4.6412
dbpedia,route_priority,6,high_variance,4,8,128,10578023270251871138,15286360507271433507,1159832224,0.9496,486.8799322663837,2050.96384536,2059.5685,2677.59175,3012.5043499999992,0.32956817273090766,0.5452803066602779,2161.1894,2161.1894,3060.2412,2036.5872,2036.5872,514.1852,1522.402,76.31264039999992,43.0248354,1578.866524200001,0.0,1983.3199815999926,2.0008,0.1812,0.6594,4.3244,7.9306
dbpedia,route_priority,6,high_variance,4,8,192,10578023270251871138,15286360507271433507,1159832224,0.95548,358.48444277225764,2786.46801588,2797.5195,3700.0663999999997,4113.89207,0.33339849477079464,0.5491574766239854,2977.8842,2977.8842,4555.4248,2853.282,2853.282,760.6502,2092.6318,106.39433180000005,59.99319100000002,2207.824308400004,0.0,2711.123116799997,2.0462,0.1888,0.6822,4.4518,8.1066
dbpedia,route_priority,6,high_variance,4,8,256,10578023270251871138,15286360507271433507,1159832224,0.95834,284.03629153822953,3517.70856628,3529.1025,4726.63025,5226.8063899999925,0.37657321702070984,0.6040043363371502,3750.0314,3750.0314,6050.3076,3625.4292,3625.4292,1004.4714,2620.9578,135.52888520000013,75.49135219999994,2813.9848170000027,0.0,3447.6479167999914,3.0034,0.3234,1.131,7.1316,11.8072
dbpedia,route_priority,6,high_variance,4,8,460,10578023270251871138,15286360507271433507,1159832224,0.96282,176.33622314879497,5667.71477404,5685.309,7784.90135,8589.96703,0.4314895662274202,0.6628148117577871,6028.8776,6028.8776,10818.8032,5904.2754,5904.2754,1767.4638,4136.8116,223.12038800000045,122.05908260000011,4566.925558000009,0.0,5560.819146599974,4.9934,0.6628,2.1546,12.8484,19.3846
dbpedia,route_priority,6,high_variance,8,8,64,10578023270251871138,15286360507271433507,1159832224,0.92758,809.365029983985,1232.71551688,1227.272,1602.04955,1936.0300199999986,0.23745019920318725,0.41451267493401067,1274.476,1274.476,1572.4744,1149.8738,1149.8738,520.0454,629.8284,43.5416277999999,24.670520799999988,888.2380233999995,0.0,1149.4716169999963,1.004,0.0618,0.2384,1.6646,4.0158
dbpedia,route_priority,6,high_variance,8,8,96,10578023270251871138,15286360507271433507,1159832224,0.94352,608.7154333547103,1639.97580948,1641.0095000000001,2134.66365,2442.3693599999974,0.254173119944932,0.4465655433939498,1730.5306,1730.5306,2316.4534,1605.9284,1605.9284,758.4876,847.4408,62.95919340000008,34.123664000000055,1260.3486131999955,0.0,1586.5864882000005,1.1622,0.0744,0.2954,2.0726,4.6412
dbpedia,route_priority,6,high_variance,8,8,128,10578023270251871138,15286360507271433507,1159832224,0.9496,484.9214019988467,2059.28066832,2067.9695,2695.2319500000003,3028.9069599999993,0.32956817273090766,0.5452803066602779,2161.1894,2161.1894,3060.2412,2036.5872,2036.5872,992.1844,1044.4028,75.98158219999993,42.99612460000007,1588.1078095999983,0.0,1992.7106987999953,2.0008,0.1812,0.6594,4.3244,7.9306
dbpedia,route_priority,6,high_variance,8,8,192,10578023270251871138,15286360507271433507,1159832224,0.95548,357.7866608706781,2792.01290976,2804.834,3709.3179499999997,4147.633099999996,0.33339849477079464,0.5491574766239854,2977.8842,2977.8842,4555.4248,2853.282,2853.282,1451.856,1401.426,105.95077259999995,59.68516180000013,2206.369435800003,0.0,2708.985677799993,2.0462,0.1888,0.6822,4.4518,8.1066
dbpedia,route_priority,6,high_variance,8,8,256,10578023270251871138,15286360507271433507,1159832224,0.95834,281.537014168324,3548.75926908,3562.911,4782.0488,5309.108079999999,0.37657321702070984,0.6040043363371502,3750.0314,3750.0314,6050.3076,3625.4292,3625.4292,1900.7446,1724.6846,137.10440580000008,75.35283679999993,2827.7133555999976,0.0,3466.3848516000076,3.0034,0.3234,1.131,7.1316,11.8072
dbpedia,route_priority,6,high_variance,8,8,460,10578023270251871138,15286360507271433507,1159832224,0.96282,175.52218402048118,5694.16996136,5709.0419999999995,7827.56415,8599.770149999997,0.4314895662274202,0.6628148117577871,6028.8776,6028.8776,10818.8032,5904.2754,5904.2754,3279.3988,2624.8766,226.43646539999992,121.44064900000016,4592.874177799999,0.0,5595.357404999997,4.9934,0.6628,2.1546,12.8484,19.3846
dbpedia,route_priority,6,short_code_selected,2,8,64,10578023270251871138,596538242076742086,1159832224,0.92758,815.1900816303835,1223.86614016,1220.7804999999998,1588.156,1875.0659799999996,0.2350597609561753,0.403555953981772,1274.476,1274.476,1572.4744,1149.8738,1149.8738,133.5022,1016.3716,43.77951199999994,24.872863800000008,888.6238424000015,0.0,1150.4520797999999,1.004,0.0582,0.236,1.6206,4.0158
dbpedia,route_priority,6,short_code_selected,2,8,96,10578023270251871138,596538242076742086,1159832224,0.94352,613.0021794764206,1628.50389612,1630.002,2119.49615,2411.6208699999993,0.2558939941490277,0.4357493751615961,1730.5306,1730.5306,2316.4534,1605.9284,1605.9284,196.5572,1409.3712,60.720258399999665,34.41016659999987,1242.2712689999976,0.0,1563.5989476000004,1.1622,0.074,0.2974,2.0224,4.6412
dbpedia,route_priority,6,short_code_selected,2,8,128,10578023270251871138,596538242076742086,1159832224,0.9496,487.3393304926676,2048.78322648,2058.013,2683.5656,2997.632259999998,0.3240703718512595,0.5368590956091902,2161.1894,2161.1894,3060.2412,2036.5872,2036.5872,259.3858,1777.2014,77.71638299999998,43.34668599999997,1569.5299818000021,0.0,1976.6792561999991,2.0008,0.1634,0.6484,4.2574,7.9302
dbpedia,route_priority,6,short_code_selected,2,8,192,10578023270251871138,596538242076742086,1159832224,0.95548,348.8412087928467,2863.64101188,2869.687,3835.12765,4250.478059999999,0.32567686443162935,0.5396343719931908,2977.8842,2977.8842,4555.4248,2853.282,2853.282,385.1988,2468.0832,114.18401340000015,60.47549180000004,2244.6069621999955,0.0,2768.6470271999965,2.0462,0.17,0.6664,4.3746,8.1066
dbpedia,route_priority,6,short_code_selected,2,8,256,10578023270251871138,596538242076742086,1159832224,0.95834,275.176228399421,3630.9439264,3635.3475,4912.1916,5475.020669999999,0.36711726709728976,0.5962632969713395,3750.0314,3750.0314,6050.3076,3625.4292,3625.4292,510.3886,3115.0406,162.66258079999963,76.0092559999999,2921.639951399989,0.0,3613.752365000002,3.0034,0.3042,1.1026,7.0402,11.8072
dbpedia,route_priority,6,short_code_selected,2,8,460,10578023270251871138,596538242076742086,1159832224,0.96282,167.34469769966606,5972.40815984,5986.579,8228.189899999998,9068.462619999998,0.421756718868907,0.6551798850634009,6028.8776,6028.8776,10818.8032,5904.2754,5904.2754,905.9614,4998.314,271.64526800000027,122.45009960000007,4785.863509400004,0.0,5884.109741599997,4.9934,0.634,2.106,12.7004,19.3846
dbpedia,route_priority,6,short_code_selected,4,8,64,10578023270251871138,596538242076742086,1159832224,0.92758,769.3284824494266,1297.0294688,1291.3395,1690.0083,2022.4572799999978,0.2350597609561753,0.403555953981772,1274.476,1274.476,1572.4744,1149.8738,1149.8738,265.7466,884.1272,52.327466799999904,24.87547399999998,938.864435599999,0.0,1225.524153200001,1.004,0.0582,0.236,1.6206,4.0158
dbpedia,route_priority,6,short_code_selected,4,8,96,10578023270251871138,596538242076742086,1159832224,0.94352,577.747162976972,1727.924528,1728.3384999999998,2254.76625,2547.51836,0.2558939941490277,0.4357493751615961,1730.5306,1730.5306,2316.4534,1605.9284,1605.9284,390.468,1215.4604,72.83856000000019,34.432035200000115,1310.027044199995,0.0,1662.9396958000016,1.1622,0.074,0.2974,2.0224,4.6412
dbpedia,route_priority,6,short_code_selected,4,8,128,10578023270251871138,596538242076742086,1159832224,0.9496,458.68785460547946,2177.2005416,2187.9935,2855.874,3171.3175599999936,0.32397041183526587,0.5368572365268706,2161.1894,2161.1894,3060.2412,2036.5872,2036.5872,514.1852,1522.402,92.65945179999993,43.32136319999989,1664.4282055999943,0.0,2110.0876587999983,2.0008,0.1632,0.6482,4.2576,7.9306
dbpedia,route_priority,6,short_code_selected,4,8,192,10578023270251871138,596538242076742086,1159832224,0.95548,341.9998852440754,2920.9901654,2934.5225,3879.7005999999997,4308.425329999998,0.32567686443162935,0.5396343719931908,2977.8842,2977.8842,4555.4248,2853.282,2853.282,760.6502,2092.6318,126.88392440000004,60.12610099999996,2306.5589555999995,0.0,2853.1236008000014,2.0462,0.17,0.6664,4.3746,8.1066
dbpedia,route_priority,6,short_code_selected,4,8,256,10578023270251871138,596538242076742086,1159832224,0.95834,270.45733122084545,3694.21630032,3710.3265,4972.0127,5484.55366,0.36711726709728976,0.5962632969713395,3750.0314,3750.0314,6050.3076,3625.4292,3625.4292,1004.4714,2620.9578,162.14518579999992,75.94622580000028,2939.6879052000018,0.0,3629.5564205999985,3.0034,0.3042,1.1026,7.0402,11.8072
dbpedia,route_priority,6,short_code_selected,4,8,460,10578023270251871138,596538242076742086,1159832224,0.96282,167.86871850655677,5953.84704876,5975.91,8195.329999999998,8976.741159999996,0.421756718868907,0.6551798850634009,6028.8776,6028.8776,10818.8032,5904.2754,5904.2754,1767.4638,4136.8116,267.82534180000033,122.37705759999977,4772.731947399992,0.0,5855.883390800012,4.9934,0.634,2.106,12.7004,19.3846
dbpedia,route_priority,6,short_code_selected,8,8,64,10578023270251871138,596538242076742086,1159832224,0.92758,781.0738292067505,1277.4187888,1273.9055,1659.8731,1952.5505399999986,0.2350597609561753,0.403555953981772,1274.476,1274.476,1572.4744,1149.8738,1149.8738,520.0454,629.8284,50.702509800000044,24.87078679999998,924.1871153999967,0.0,1205.263332399999,1.004,0.0582,0.236,1.6206,4.0158
dbpedia,route_priority,6,short_code_selected,8,8,96,10578023270251871138,596538242076742086,1159832224,0.94352,587.4290956571344,1699.4912662,1699.693,2213.702,2528.0702099999994,0.2558939941490277,0.4357493751615961,1730.5306,1730.5306,2316.4534,1605.9284,1605.9284,758.4876,847.4408,70.4285172000003,34.38694059999985,1299.8567129999951,0.0,1646.7527327999978,1.1622,0.074,0.2974,2.0224,4.6412
dbpedia,route_priority,6,short_code_selected,8,8,128,10578023270251871138,596538242076742086,1159832224,0.9496,467.40622752000087,2136.42138668,2146.758,2798.3889,3130.6462299999994,0.3240703718512595,0.5368590956091902,2161.1894,2161.1894,3060.2412,2036.5872,2036.5872,992.1844,1044.4028,89.85319420000003,43.3632,1627.6083745999986,0.0,2065.2919162,2.0008,0.1634,0.6484,4.2574,7.9302
dbpedia,route_priority,6,short_code_selected,8,8,192,10578023270251871138,596538242076742086,1159832224,0.95548,343.61616122013254,2907.22743152,2919.6915,3878.0775499999995,4293.433849999997,0.32567686443162935,0.5396343719931908,2977.8842,2977.8842,4555.4248,2853.282,2853.282,1451.856,1401.426,125.9610751999994,60.42332259999997,2278.522289200005,0.0,2828.3441582,2.0462,0.17,0.6664,4.3746,8.1066
dbpedia,route_priority,6,short_code_selected,8,8,256,10578023270251871138,596538242076742086,1159832224,0.95834,271.5364994637158,3679.61841908,3693.8915,4961.674999999999,5444.825949999998,0.36711726709728976,0.5962632969713395,3750.0314,3750.0314,6050.3076,3625.4292,3625.4292,1900.7446,1724.6846,161.53292539999987,75.97270459999982,2898.2436972000023,0.0,3592.464489399998,3.0034,0.3042,1.1026,7.0402,11.8072
dbpedia,route_priority,6,short_code_selected,8,8,460,10578023270251871138,596538242076742086,1159832224,0.96282,168.94652512741044,5915.69311136,5933.3775000000005,8168.60325,9009.886789999984,0.421756718868907,0.6551798850634009,6028.8776,6028.8776,10818.8032,5904.2754,5904.2754,3279.3988,2624.8766,261.4141562000005,122.42962559999982,4713.369336200031,0.0,5790.778003800004,4.9934,0.634,2.106,12.7004,19.3846
dbpedia,route_priority,8,equal_interval,2,8,64,10578023270251871138,804094193832526671,1159832224,0.92758,788.5948836463264,1265.22821332,1259.141,1648.8385,1971.2797899999953,0.25657370517928285,0.4294038547736441,1274.476,1274.476,1572.4744,1149.8738,1149.8738,133.5022,1016.3716,50.614398599999966,25.37851060000001,903.3704831999976,0.0,1182.0507358000018,1.004,0.0678,0.2576,1.7244,4.0158
dbpedia,route_priority,8,equal_interval,2,8,96,10578023270251871138,804094193832526671,1159832224,0.94352,594.1386885270279,1680.1430496,1680.9755,2192.50585,2489.7885999999985,0.27826535880227155,0.45936395759717313,1730.5306,1730.5306,2316.4534,1605.9284,1605.9284,196.5572,1409.3712,70.29731960000011,35.017359,1271.9373382000044,0.0,1614.5039578,1.1622,0.086,0.3234,2.132,4.6412
dbpedia,route_priority,8,equal_interval,2,8,128,10578023270251871138,804094193832526671,1159832224,0.9496,471.37025218907326,2118.50750236,2127.0275,2777.4802499999996,3133.4985699999993,0.34406237504998,0.5533782250132405,2161.1894,2161.1894,3060.2412,2036.5872,2036.5872,259.3858,1777.2014,89.40067419999997,44.10073400000001,1617.2460702000003,0.0,2050.5379730000022,2.0008,0.1926,0.6884,4.3884,7.9302
dbpedia,route_priority,8,equal_interval,2,8,192,10578023270251871138,804094193832526671,1159832224,0.95548,347.51871792931564,2874.19487776,2887.7195,3824.6662,4248.856559999997,0.3463004593881341,0.5563614832358819,2977.8842,2977.8842,4555.4248,2853.282,2853.282,385.1988,2468.0832,126.1824663999999,61.20024599999975,2255.3409643999985,0.0,2801.494200400002,2.0462,0.1992,0.7086,4.5102,8.1066
dbpedia,route_priority,8,equal_interval,2,8,256,10578023270251871138,804094193832526671,1159832224,0.95834,275.01035789124086,3633.08081212,3644.9175,4898.358899999999,5415.84012,0.39268828660851035,0.6101361880886239,3750.0314,3750.0314,6050.3076,3625.4292,3625.4292,510.3886,3115.0406,160.1393708000004,77.5721259999998,2866.548856199996,0.0,3550.1048216000104,3.0034,0.3442,1.1794,7.204,11.8072
dbpedia,route_priority,8,equal_interval,2,8,460,10578023270251871138,804094193832526671,1159832224,0.96282,171.59462999597605,5824.40428092,5842.9205,8011.17025,8846.138669999993,0.43909961148716303,0.6656521155969172,6028.8776,6028.8776,10818.8032,5904.2754,5904.2754,905.9614,4998.314,261.2301462000001,124.49102660000028,4647.312528800018,0.0,5712.186089399992,4.9934,0.6804,2.1926,12.9034,19.3846
dbpedia,route_priority,8,equal_interval,4,8,64,10578023270251871138,804094193832526671,1159832224,0.92758,789.0620005697839,1264.44870072,1260.9425,1638.3658,1946.7192399999972,0.25657370517928285,0.4294038547736441,1274.476,1274.476,1572.4744,1149.8738,1149.8738,265.7466,884.1272,50.44412059999996,25.345543400000093,921.4513421999973,0.0,1199.8933185999974,1.004,0.0678,0.2576,1.7244,4.0158
dbpedia,route_priority,8,equal_interval,4,8,96,10578023270251871138,804094193832526671,1159832224,0.94352,590.7031425453287,1689.94341596,1691.6625,2200.8258499999997,2504.2679399999984,0.27826535880227155,0.45936395759717313,1730.5306,1730.5306,2316.4534,1605.9284,1605.9284,390.468,1215.4604,70.18980599999985,35.02356880000009,1285.4631127999971,0.0,1629.9706494000009,1.1622,0.086,0.3234,2.132,4.6412
dbpedia,route_priority,8,equal_interval,4,8,128,10578023270251871138,804094193832526671,1159832224,0.9496,470.0770652929356,2124.25954132,2132.866,2776.4510499999997,3107.896919999999,0.3439624150339864,0.5533755327465766,2161.1894,2161.1894,3060.2412,2036.5872,2036.5872,514.1852,1522.402,89.22143019999987,44.10868900000002,1625.5551253999993,0.0,2061.3159075999943,2.0008,0.1924,0.6882,4.3886,7.9306
dbpedia,route_priority,8,equal_interval,4,8,192,10578023270251871138,804094193832526671,1159832224,0.95548,345.49630457313816,2891.35454548,2901.8675000000003,3846.2867499999998,4269.328339999998,0.3463004593881341,0.5563614832358819,2977.8842,2977.8842,4555.4248,2853.282,2853.282,760.6502,2092.6318,124.83994459999965,61.23997760000029,2267.023008200013,0.0,2810.2857740000077,2.0462,0.1992,0.7086,4.5102,8.1066
dbpedia,route_priority,8,equal_interval,4,8,256,10578023270251871138,804094193832526671,1159832224,0.95834,276.05170961659707,3619.36234372,3632.045,4877.372,5378.613259999996,0.39268828660851035,0.6101361880886239,3750.0314,3750.0314,6050.3076,3625.4292,3625.4292,1004.4714,2620.9578,156.5426268000001,77.40374999999973,2871.4190970000072,0.0,3548.1674835999934,3.0034,0.3442,1.1794,7.204,11.8072
dbpedia,route_priority,8,equal_interval,4,8,460,10578023270251871138,804094193832526671,1159832224,0.96282,170.89276187458896,5848.24510416,5868.1525,8046.470649999999,8889.976349999997,0.4391797172267393,0.6656521155969172,6028.8776,6028.8776,10818.8032,5904.2754,5904.2754,1767.4638,4136.8116,259.0718089999996,124.53474300000032,4694.083535200002,0.0,5762.152346399994,4.9934,0.6804,2.193,12.9034,19.3846
dbpedia,route_priority,8,equal_interval,8,8,64,10578023270251871138,804094193832526671,1159832224,0.92758,755.1052039537404,1321.48671788,1317.3265000000001,1727.4356999999998,2060.81061,0.25657370517928285,0.4294038547736441,1274.476,1274.476,1572.4744,1149.8738,1149.8738,520.0454,629.8284,52.835862600000134,25.313535200000047,951.2336175999998,0.0,1248.5153049999972,1.004,0.0678,0.2576,1.7244,4.0158
dbpedia,route_priority,8,equal_interval,8,8,96,10578023270251871138,804094193832526671,1159832224,0.94352,565.9098419388456,1764.12823144,1766.337,2308.4411,2614.5071599999997,0.27826535880227155,0.45936395759717313,1730.5306,1730.5306,2316.4534,1605.9284,1605.9284,758.4876,847.4408,74.09295700000006,34.98749840000001,1324.619584399998,0.0,1693.625641399996,1.1622,0.086,0.3234,2.132,4.6412
dbpedia,route_priority,8,equal_interval,8,8,128,10578023270251871138,804094193832526671,1159832224,0.9496,448.920256060711,2224.51321976,2232.5505000000003,2925.82335,3268.4653699999967,0.3439624150339864,0.5533755327465766,2161.1894,2161.1894,3060.2412,2036.5872,2036.5872,992.1844,1044.4028,94.33471279999999,44.362077800000165,1692.5411616000008,0.0,2163.9879386000057,2.0008,0.1924,0.6882,4.3886,7.9306
dbpedia,route_priority,8,equal_interval,8,8,192,10578023270251871138,804094193832526671,1159832224,0.95548,342.9527583672602,2912.78156476,2920.639,3900.84145,4323.6921999999995,0.3463004593881341,0.5563614832358819,2977.8842,2977.8842,4555.4248,2853.282,2853.282,1451.856,1401.426,126.07168859999976,61.76404000000014,2300.0992801999937,0.0,2855.957083799998,2.0462,0.1992,0.7086,4.5102,8.1066
dbpedia,route_priority,8,equal_interval,8,8,256,10578023270251871138,804094193832526671,1159832224,0.95834,274.7439406886426,3636.68012984,3647.055,4908.761799999999,5441.771249999995,0.39268828660851035,0.6101361880886239,3750.0314,3750.0314,6050.3076,3625.4292,3625.4292,1900.7446,1724.6846,154.58265360000044,77.54115300000001,2876.3620908000075,0.0,3551.5575676000008,3.0034,0.3442,1.1794,7.204,11.8072
dbpedia,route_priority,8,equal_interval,8,8,460,10578023270251871138,804094193832526671,1159832224,0.96282,170.64075242720148,5856.9293608,5869.137000000001,8071.8754,8875.639709999992,0.4391797172267393,0.6656521155969172,6028.8776,6028.8776,10818.8032,5904.2754,5904.2754,3279.3988,2624.8766,260.59644900000046,124.5029883999996,4719.503643799996,0.0,5785.853055999987,4.9934,0.6804,2.193,12.9034,19.3846
dbpedia,route_priority,8,high_variance,2,8,64,10578023270251871138,10041883203160805976,1159832224,0.92758,773.735233255515,1289.61554212,1284.051,1681.8094499999995,2026.669279999999,0.2639442231075697,0.4316948055182031,1274.476,1274.476,1572.4744,1149.8738,1149.8738,133.5022,1016.3716,51.50837340000007,25.052984399999964,936.9439979999966,0.0,1218.8118599999982,1.004,0.0646,0.265,1.7336,4.0158
dbpedia,route_priority,8,high_variance,2,8,96,10578023270251871138,10041883203160805976,1159832224,0.94352,583.8324736936405,1709.95050008,1711.873,2227.7082499999997,2521.156449999999,0.2794699707451385,0.46315608032405414,1730.5306,1730.5306,2316.4534,1605.9284,1605.9284,196.5572,1409.3712,71.0433233999998,34.59844080000002,1290.4457385999979,0.0,1634.6176227999968,1.1622,0.078,0.3248,2.1496,4.6412
dbpedia,route_priority,8,high_variance,2,8,128,10578023270251871138,10041883203160805976,1159832224,0.9496,463.30505060838436,2155.40707704,2164.9685,2819.6576999999997,3137.880889999998,0.35015993602558976,0.5596045696416413,2161.1894,2161.1894,3060.2412,2036.5872,2036.5872,259.3858,1777.2014,90.25448059999992,43.608803999999914,1654.015010799999,0.0,2089.478866199996,2.0008,0.184,0.7006,4.438,7.9306
dbpedia,route_priority,8,high_variance,2,8,192,10578023270251871138,10041883203160805976,1159832224,0.95548,340.61612779575216,2932.77030652,2943.3105,3902.1515999999997,4309.162569999996,0.35275144169680384,0.5635654898477783,2977.8842,2977.8842,4555.4248,2853.282,2853.282,385.1988,2468.0832,126.83842399999942,60.54131239999982,2319.802414400002,0.0,2866.174920400008,2.0462,0.1916,0.7218,4.5686,8.1066
dbpedia,route_priority,8,high_variance,2,8,256,10578023270251871138,10041883203160805976,1159832224,0.95834,270.13878369473866,3698.35951996,3710.8630000000003,4996.44045,5523.463379999999,0.3966171672104948,0.6173013076766719,3750.0314,3750.0314,6050.3076,3625.4292,3625.4292,510.3886,3115.0406,159.36873240000006,76.41542659999998,2937.7041066,0.0,3621.2630779999977,3.0034,0.3354,1.1912,7.2886,11.8072
dbpedia,route_priority,8,high_variance,2,8,460,10578023270251871138,10041883203160805976,1159832224,0.96282,168.54907893746432,5929.78730648,5949.521000000001,8166.208299999999,8942.494939999999,0.44887251171546444,0.6738545030591294,6028.8776,6028.8776,10818.8032,5904.2754,5904.2754,905.9614,4998.314,263.06213400000075,122.96217879999983,4767.981643999997,0.0,5836.697177599994,4.9934,0.6858,2.2414,13.0624,19.3846
dbpedia,route_priority,8,high_variance,4,8,64,10578023270251871138,10041883203160805976,1159832224,0.92758,772.9826385571731,1290.86983664,1284.8585,1679.98985,2026.8456499999968,0.2639442231075697,0.4316948055182031,1274.476,1274.476,1572.4744,1149.8738,1149.8738,265.7466,884.1272,50.92502580000011,25.035970800000026,937.5932430000005,0.0,1217.558161400003,1.004,0.0646,0.265,1.7336,4.0158
dbpedia,route_priority,8,high_variance,4,8,96,10578023270251871138,10041883203160805976,1159832224,0.94352,582.0896529362583,1714.98619864,1715.804,2234.81255,2524.0382799999993,0.2794699707451385,0.46315608032405414,1730.5306,1730.5306,2316.4534,1605.9284,1605.9284,390.468,1215.4604,71.26912440000008,34.57069880000004,1304.770179200002,0.0,1649.3828724000005,1.1622,0.078,0.3248,2.1496,4.6412
dbpedia,route_priority,8,high_variance,4,8,128,10578023270251871138,10041883203160805976,1159832224,0.9496,462.31422123036793,2159.99537116,2171.6295,2828.6884999999997,3133.035309999999,0.35015993602558976,0.5596045696416413,2161.1894,2161.1894,3060.2412,2036.5872,2036.5872,514.1852,1522.402,90.30553100000003,43.599755000000066,1658.974934399995,0.0,2093.992337199999,2.0008,0.184,0.7006,4.438,7.9306
dbpedia,route_priority,8,high_variance,4,8,192,10578023270251871138,10041883203160805976,1159832224,0.95548,340.04952621784594,2937.6735174,2951.9135,3905.3547,4359.570319999999,0.35275144169680384,0.5635654898477783,2977.8842,2977.8842,4555.4248,2853.282,2853.282,760.6502,2092.6318,126.25058280000005,60.508113800000054,2325.7301893999975,0.0,2870.555083200011,2.0462,0.1916,0.7218,4.5686,8.1066
dbpedia,route_priority,8,high_variance,4,8,256,10578023270251871138,10041883203160805976,1159832224,0.95834,269.2209274100112,3711.32932588,3724.466,5003.280049999999,5509.8724699999975,0.3966171672104948,0.6173013076766719,3750.0314,3750.0314,6050.3076,3625.4292,3625.4292,1004.4714,2620.9578,161.0756150000001,76.41297660000022,2952.2418806000064,0.0,3638.3431155999942,3.0034,0.3354,1.1912,7.2886,11.8072
dbpedia,route_priority,8,high_variance,4,8,460,10578023270251871138,10041883203160805976,1159832224,0.96282,168.24692948548886,5940.41270684,5959.4325,8172.101349999999,8963.453539999997,0.44887251171546444,0.6738545030591294,6028.8776,6028.8776,10818.8032,5904.2754,5904.2754,1767.4638,4136.8116,263.7354576000007,122.97952700000047,4795.72439479999,0.0,5866.089893400015,4.9934,0.6858,2.2414,13.0624,19.3846
dbpedia,route_priority,8,high_variance,8,8,64,10578023270251871138,10041883203160805976,1159832224,0.92758,767.5096263272807,1299.98537424,1294.334,1699.6857499999999,2037.2927199999997,0.2639442231075697,0.4316948055182031,1274.476,1274.476,1572.4744,1149.8738,1149.8738,520.0454,629.8284,50.99682999999991,25.04199360000001,952.7299788000006,0.0,1234.4624154000007,1.004,0.0646,0.265,1.7336,4.0158
dbpedia,route_priority,8,high_variance,8,8,96,10578023270251871138,10041883203160805976,1159832224,0.94352,579.2177722041368,1723.65109436,1725.8494999999998,2244.2389,2544.2999799999993,0.2794699707451385,0.46315608032405414,1730.5306,1730.5306,2316.4534,1605.9284,1605.9284,758.4876,847.4408,70.91143060000005,34.590592999999984,1313.8034596000068,0.0,1659.3264779999952,1.1622,0.078,0.3248,2.1496,4.6412
dbpedia,route_priority,8,high_variance,8,8,128,10578023270251871138,10041883203160805976,1159832224,0.9496,459.73225432211115,2172.0987734,2181.1530000000002,2839.8356,3185.044719999998,0.35015993602558976,0.5596045696416413,2161.1894,2161.1894,3060.2412,2036.5872,2036.5872,992.1844,1044.4028,90.53231819999978,43.58993939999994,1671.4649102000021,0.0,2110.681843200001,2.0008,0.184,0.7006,4.438,7.9306
dbpedia,route_priority,8,high_variance,8,8,192,10578023270251871138,10041883203160805976,1159832224,0.95548,338.54187598750696,2950.8485304,2962.965,3923.0654999999997,4362.797899999997,0.35275144169680384,0.5636179714292764,2977.8842,2977.8842,4555.4248,2853.282,2853.282,1451.856,1401.426,126.32439319999956,60.47772300000001,2330.5671467999978,0.0,2877.6236611999957,2.0462,0.1918,0.7218,4.5688,8.1062
dbpedia,route_priority,8,high_variance,8,8,256,10578023270251871138,10041883203160805976,1159832224,0.95834,267.84090842969505,3730.4234054,3750.264,5029.28135,5527.004899999998,0.3966171672104948,0.6173013076766719,3750.0314,3750.0314,6050.3076,3625.4292,3625.4292,1900.7446,1724.6846,161.56918439999984,76.3588834,2960.8377120000036,0.0,3650.9962428000003,3.0034,0.3354,1.1912,7.2886,11.8072
dbpedia,route_priority,8,high_variance,8,8,460,10578023270251871138,10041883203160805976,1159832224,0.96282,167.4784700083046,5967.68794816,5985.627,8222.72725,9085.131729999994,0.44887251171546444,0.6738746917847084,6028.8776,6028.8776,10818.8032,5904.2754,5904.2754,3279.3988,2624.8766,262.6758290000001,122.91579260000026,4801.8620992000115,0.0,5875.808647399997,4.9934,0.6854,2.2414,13.0636,19.3858
dbpedia,route_priority,8,short_code_selected,2,8,64,10578023270251871138,8232653579061270536,1159832224,0.92758,775.8884583093246,1286.03130828,1278.9,1680.1629500000001,2022.588829999999,0.2539840637450199,0.4206882812889088,1274.476,1274.476,1572.4744,1149.8738,1149.8738,133.5022,1016.3716,50.915774799999866,25.204081800000033,939.0396519999994,0.0,1218.7597554000017,1.004,0.0682,0.255,1.6894,4.0158
dbpedia,route_priority,8,short_code_selected,2,8,96,10578023270251871138,8232653579061270536,1159832224,0.94352,585.5642824796904,1704.81074168,1707.1475,2218.2254000000003,2521.78982,0.27499569781448974,0.45479617340343015,1730.5306,1730.5306,2316.4534,1605.9284,1605.9284,196.5572,1409.3712,70.86567319999983,34.8081618,1290.1691379999977,0.0,1633.4332230000002,1.1622,0.086,0.3196,2.1108,4.6412
dbpedia,route_priority,8,short_code_selected,2,8,128,10578023270251871138,8232653579061270536,1159832224,0.9496,465.18144728617693,2146.72363184,2156.773,2810.37705,3137.44008,0.34186325469812073,0.5516102186467606,2161.1894,2161.1894,3060.2412,2036.5872,2036.5872,259.3858,1777.2014,89.94745580000011,43.85996459999977,1649.434016200003,0.0,2082.653494999998,2.0008,0.1858,0.684,4.3746,7.9306
dbpedia,route_priority,8,short_code_selected,2,8,192,10578023270251871138,8232653579061270536,1159832224,0.95548,341.78884133000696,2922.72091164,2934.1364999999996,3886.9923499999995,4325.750949999999,0.3449320692014466,0.5553993042705944,2977.8842,2977.8842,4555.4248,2853.282,2853.282,385.1988,2468.0832,126.02018939999985,60.872971400000075,2313.877408800014,0.0,2856.610366399999,2.0462,0.1938,0.7058,4.5024,8.1066
dbpedia,route_priority,8,short_code_selected,2,8,256,10578023270251871138,8232653579061270536,1159832224,0.95834,270.41248582873214,3694.96099256,3708.1445000000003,4976.598349999999,5521.624259999998,0.38716121728707464,0.6075953655396708,3750.0314,3750.0314,6050.3076,3625.4292,3625.4292,510.3886,3115.0406,161.38039479999946,76.87573860000013,2942.850073800009,0.0,3627.139675799994,3.0034,0.3302,1.1628,7.174,11.8072
dbpedia,route_priority,8,short_code_selected,2,8,460,10578023270251871138,8232653579061270536,1159832224,0.96282,168.98303970815593,5914.16526344,5921.1295,8153.6388,8954.368579999977,0.4376577081747907,0.6653735439472571,6028.8776,6028.8776,10818.8032,5904.2754,5904.2754,905.9614,4998.314,262.45714720000035,123.77766040000036,4770.686290399994,0.0,5836.495949400015,4.9934,0.6768,2.1854,12.898,19.3846
dbpedia,route_priority,8,short_code_selected,4,8,64,10578023270251871138,8232653579061270536,1159832224,0.92758,778.4543000613675,1281.77805008,1278.8075,1665.4557999999997,1958.3228699999993,0.2539840637450199,0.4206882812889088,1274.476,1274.476,1572.4744,1149.8738,1149.8738,265.7466,884.1272,50.84598840000014,25.197529800000044,923.5488782000018,0.0,1202.2145494,1.004,0.0682,0.255,1.6894,4.0158
dbpedia,route_priority,8,short_code_selected,4,8,96,10578023270251871138,8232653579061270536,1159832224,0.94352,582.5503182177981,1713.68867812,1714.467,2232.7771,2535.398439999998,0.27499569781448974,0.45479617340343015,1730.5306,1730.5306,2316.4534,1605.9284,1605.9284,390.468,1215.4604,70.60963599999984,34.83347339999997,1311.8356324000015,0.0,1656.2323752000068,1.1622,0.086,0.3196,2.1108,4.6412
dbpedia,route_priority,8,short_code_selected,4,8,128,10578023270251871138,8232653579061270536,1159832224,0.9496,462.9768964678498,2156.89131724,2166.1639999999998,2825.36575,3149.397599999999,0.34186325469812073,0.5516102186467606,2161.1894,2161.1894,3060.2412,2036.5872,2036.5872,514.1852,1522.402,90.42353539999995,43.901177400000115,1652.8936672000002,0.0,2089.4899591999933,2.0008,0.1858,0.684,4.3746,7.9306
dbpedia,route_priority,8,short_code_selected,4,8,192,10578023270251871138,8232653579061270536,1159832224,0.95548,340.8536878770111,2930.75881684,2940.5065,3897.8735,4309.287299999997,0.3449320692014466,0.5553993042705944,2977.8842,2977.8842,4555.4248,2853.282,2853.282,760.6502,2092.6318,127.54701339999951,60.887118600000136,2322.2620314000023,0.0,2873.366552799994,2.0462,0.1938,0.7058,4.5024,8.1066
dbpedia,route_priority,8,short_code_selected,4,8,256,10578023270251871138,8232653579061270536,1159832224,0.95834,269.25049043320035,3710.91336632,3726.5755,4996.2026,5504.018849999998,0.38716121728707464,0.6075953655396708,3750.0314,3750.0314,6050.3076,3625.4292,3625.4292,1004.4714,2620.9578,161.50878259999996,76.9296896000001,2939.191414399998,0.0,3627.841235400001,3.0034,0.3302,1.1628,7.174,11.8072
dbpedia,route_priority,8,short_code_selected,4,8,460,10578023270251871138,8232653579061270536,1159832224,0.96282,167.6158007515799,5962.74993668,5975.9325,8203.0299,9025.172990000001,0.4376577081747907,0.6653735439472571,6028.8776,6028.8776,10818.8032,5904.2754,5904.2754,1767.4638,4136.8116,254.67299560000006,123.76864079999993,4775.038701200009,0.0,5833.030609400012,4.9934,0.6768,2.1854,12.898,19.3846
dbpedia,route_priority,8,short_code_selected,8,8,64,10578023270251871138,8232653579061270536,1159832224,0.92758,768.1961626912115,1298.9145114,1294.781,1690.7708499999999,2015.565829999996,0.2539840637450199,0.4206882812889088,1274.476,1274.476,1572.4744,1149.8738,1149.8738,520.0454,629.8284,51.64253259999997,25.215983000000076,958.5153140000007,0.0,1243.5575716000042,1.004,0.0682,0.255,1.6894,4.0158
dbpedia,route_priority,8,short_code_selected,8,8,96,10578023270251871138,8232653579061270536,1159832224,0.94352,578.373700551217,1726.0150294,1727.7035,2253.0141,2549.6845299999995,0.27499569781448974,0.45479617340343015,1730.5306,1730.5306,2316.4534,1605.9284,1605.9284,758.4876,847.4408,71.04188700000029,34.83898359999999,1313.3533551999997,0.0,1659.4559377999992,1.1622,0.086,0.3196,2.1108,4.6412
dbpedia,route_priority,8,short_code_selected,8,8,128,10578023270251871138,8232653579061270536,1159832224,0.9496,458.38757072150867,2178.55330528,2188.607,2853.6547499999997,3190.308979999999,0.34186325469812073,0.5516102186467606,2161.1894,2161.1894,3060.2412,2036.5872,2036.5872,992.1844,1044.4028,90.92373999999981,43.87622860000014,1675.3232540000015,0.0,2115.6828742000066,2.0008,0.1858,0.684,4.3746,7.9306
dbpedia,route_priority,8,short_code_selected,8,8,192,10578023270251871138,8232653579061270536,1159832224,0.95548,338.0829441179693,2954.73150612,2967.561,3938.8917500000002,4370.220229999999,0.3449320692014466,0.5553993042705944,2977.8842,2977.8842,4555.4248,2853.282,2853.282,1451.856,1401.426,126.40269339999999,60.89787580000009,2328.5083626,0.0,2875.586068599997,2.0462,0.1938,0.7058,4.5024,8.1066
dbpedia,route_priority,8,short_code_selected,8,8,256,10578023270251871138,8232653579061270536,1159832224,0.95834,268.1012453174224,3726.84527152,3741.966,5024.4062,5547.708229999999,0.38716121728707464,0.6075953655396708,3750.0314,3750.0314,6050.3076,3625.4292,3625.4292,1900.7446,1724.6846,161.6181320000001,76.88344819999985,2958.3116862000043,0.0,3647.793303999993,3.0034,0.3302,1.1628,7.174,11.8072
dbpedia,route_priority,8,short_code_selected,8,8,460,10578023270251871138,8232653579061270536,1159832224,0.96282,166.82708709986304,5990.77020128,6007.5195,8290.02965,9199.523079999999,0.4376577081747907,0.6653735439472571,6028.8776,6028.8776,10818.8032,5904.2754,5904.2754,3279.3988,2624.8766,258.87847399999964,124.0704403999998,4689.255988000016,0.0,5753.535638600013,4.9934,0.6768,2.1854,12.898,19.3846
dbpedia,route_priority,10,equal_interval,2,8,64,10578023270251871138,4586395995942849617,1159832224,0.92758,805.2790038222239,1239.09777372,1234.833,1611.68415,1874.2163499999992,0.2715139442231076,0.4432491657951093,1274.476,1274.476,1572.4744,1149.8738,1149.8738,133.5022,1016.3716,49.17137019999997,25.39716079999999,913.6970974000012,0.0,1188.2206303999967,1.004,0.0786,0.2726,1.78,4.0158
dbpedia,route_priority,10,equal_interval,2,8,96,10578023270251871138,4586395995942849617,1159832224,0.94352,600.202515240223,1663.37153008,1663.0865,2165.6338,2470.7467999999994,0.2889347788676648,0.4728087563561148,1730.5306,1730.5306,2316.4534,1605.9284,1605.9284,196.5572,1409.3712,69.30355659999972,35.08541740000004,1254.0172347999996,0.0,1592.325007600002,1.1622,0.0984,0.3358,2.1944,4.6412
dbpedia,route_priority,10,equal_interval,2,8,128,10578023270251871138,4586395995942849617,1159832224,0.9496,476.95683716077275,2093.67146676,2102.215,2742.0681999999997,3060.079909999997,0.35825669732107157,0.5677250145007944,2161.1894,2161.1894,3060.2412,2036.5872,2036.5872,259.3858,1777.2014,87.16186980000006,44.185090599999945,1605.873204200002,0.0,2032.6432962000038,2.0008,0.2174,0.7168,4.5024,7.9306
dbpedia,route_priority,10,equal_interval,2,8,192,10578023270251871138,4586395995942849617,1159832224,0.95548,351.2959744724557,2843.70201104,2851.6615,3780.8136499999996,4216.5745099999995,0.360766298504545,0.5706954826931142,2977.8842,2977.8842,4555.4248,2853.282,2853.282,385.1988,2468.0832,123.92925639999972,61.25311959999999,2236.488222999997,0.0,2772.799486599998,2.0462,0.2252,0.7382,4.6264,8.1066
dbpedia,route_priority,10,equal_interval,2,8,256,10578023270251871138,4586395995942849617,1159832224,0.95834,277.71315508190884,3597.77061288,3607.7304999999997,4841.85375,5338.099519999993,0.4036092428580942,0.6220272376177248,3750.0314,3750.0314,6050.3076,3625.4292,3625.4292,510.3886,3115.0406,156.64635420000005,77.36492660000016,2850.403454999996,0.0,3525.05733939999,3.0034,0.383,1.2122,7.3444,11.8072
dbpedia,route_priority,10,equal_interval,2,8,460,10578023270251871138,4586395995942849617,1159832224,0.96282,171.62488627638538,5823.48792168,5831.2474999999995,8027.85215,8926.62159,0.4531581687827933,0.6771767279180381,6028.8776,6028.8776,10818.8032,5904.2754,5904.2754,905.9614,4998.314,265.73427599999917,125.29432740000044,4659.650618400018,0.0,5751.278101000002,4.9934,0.7356,2.2628,13.1268,19.3846
dbpedia,route_priority,10,equal_interval,4,8,64,10578023270251871138,4586395995942849617,1159832224,0.92758,797.3848215072642,1250.9957654,1243.5865,1634.18745,1968.8024199999993,0.2715139442231076,0.4432491657951093,1274.476,1274.476,1572.4744,1149.8738,1149.8738,265.7466,884.1272,49.85390899999986,25.413404800000002,897.6608775999978,0.0,1172.8041745999976,1.004,0.0786,0.2726,1.78,4.0158
dbpedia,route_priority,10,equal_interval,4,8,96,10578023270251871138,4586395995942849617,1159832224,0.94352,601.9442419578542,1658.4597728,1657.7984999999999,2173.4911,2478.9081899999987,0.2889347788676648,0.4728087563561148,1730.5306,1730.5306,2316.4534,1605.9284,1605.9284,390.468,1215.4604,63.428718999999866,35.09504640000001,1229.9447646000008,0.0,1555.1471035999987,1.1622,0.0984,0.3358,2.1944,4.6412
dbpedia,route_priority,10,equal_interval,4,8,128,10578023270251871138,4586395995942849617,1159832224,0.9496,475.0863011162013,2101.99741588,2109.714,2754.0492999999997,3079.552729999999,0.35825669732107157,0.5677250145007944,2161.1894,2161.1894,3060.2412,2036.5872,2036.5872,514.1852,1522.402,87.20441800000012,44.50941339999997,1614.5756716000024,0.0,2042.1317562000036,2.0008,0.2174,0.7168,4.5024,7.9306
dbpedia,route_priority,10,equal_interval,4,8,192,10578023270251871138,4586395995942849617,1159832224,0.95548,344.3789451611083,2900.661873,2906.1665000000003,3878.56595,4303.135769999998,0.360766298504545,0.5706954826931142,2977.8842,2977.8842,4555.4248,2853.282,2853.282,760.6502,2092.6318,127.10982099999977,61.32117880000002,2294.402482999993,0.0,2850.5111196000007,2.0462,0.2252,0.7382,4.6264,8.1066
dbpedia,route_priority,10,equal_interval,4,8,256,10578023270251871138,4586395995942849617,1159832224,0.95834,274.1830510632688,3644.21471136,3657.6935000000003,4903.58575,5403.073189999997,0.4036092428580942,0.6220272376177248,3750.0314,3750.0314,6050.3076,3625.4292,3625.4292,1004.4714,2620.9578,159.16972139999982,77.36041379999993,2871.998416200001,0.0,3555.7185173999965,3.0034,0.383,1.2122,7.3444,11.8072
dbpedia,route_priority,10,equal_interval,4,8,460,10578023270251871138,4586395995942849617,1159832224,0.96282,170.4828605035863,5862.45456112,5874.0635,8071.6537,8856.612189999994,0.4531581687827933,0.6771767279180381,6028.8776,6028.8776,10818.8032,5904.2754,5904.2754,1767.4638,4136.8116,261.4180674000002,124.57450020000007,4690.989858000004,0.0,5762.784237599996,4.9934,0.7356,2.2628,13.1268,19.3846
dbpedia,route_priority,10,equal_interval,8,8,64,10578023270251871138,4586395995942849617,1159832224,0.92758,812.2026932284817,1228.43737644,1224.3560000000002,1593.5933499999996,1894.7976099999998,0.2715139442231076,0.4432491657951093,1274.476,1274.476,1572.4744,1149.8738,1149.8738,520.0454,629.8284,44.594366800000024,25.38785699999997,902.1284358000012,0.0,1167.767278399998,1.004,0.0786,0.2726,1.78,4.0158
dbpedia,route_priority,10,equal_interval,8,8,96,10578023270251871138,4586395995942849617,1159832224,0.94352,610.8855951653618,1634.10285508,1635.4515000000001,2131.6809,2417.2655999999984,0.2889347788676648,0.4728087563561148,1730.5306,1730.5306,2316.4534,1605.9284,1605.9284,758.4876,847.4408,61.532444999999946,35.4434112,1232.9264986000023,0.0,1557.3034823999978,1.1622,0.0984,0.3358,2.1944,4.6412
dbpedia,route_priority,10,equal_interval,8,8,128,10578023270251871138,4586395995942849617,1159832224,0.9496,486.30791736655414,2053.27652628,2060.84,2678.58955,2991.863689999999,0.35825669732107157,0.5677250145007944,2161.1894,2161.1894,3060.2412,2036.5872,2036.5872,992.1844,1044.4028,78.17298819999984,44.18791180000002,1579.7020745999992,0.0,1990.7728971999961,2.0008,0.2174,0.7168,4.5024,7.9306
dbpedia,route_priority,10,equal_interval,8,8,192,10578023270251871138,4586395995942849617,1159832224,0.95548,358.4938934432748,2786.50479204,2796.527,3703.07505,4131.786739999997,0.360766298504545,0.5706954826931142,2977.8842,2977.8842,4555.4248,2853.282,2853.282,1451.856,1401.426,108.8994513999998,61.599823399999956,2203.9264532,0.0,2715.315885400005,2.0462,0.2252,0.7382,4.6264,8.1066
dbpedia,route_priority,10,equal_interval,8,8,256,10578023270251871138,4586395995942849617,1159832224,0.95834,286.9276254066812,3482.11395096,3493.7565,4694.6002499999995,5192.441919999995,0.4036092428580942,0.6220272376177248,3750.0314,3750.0314,6050.3076,3625.4292,3625.4292,1900.7446,1724.6846,138.76514399999985,77.38846259999984,2744.310517800003,0.0,3384.4215231999992,3.0034,0.383,1.2122,7.3444,11.8072
dbpedia,route_priority,10,equal_interval,8,8,460,10578023270251871138,4586395995942849617,1159832224,0.96282,173.64588026405713,5755.6464976,5754.744000000001,7941.27615,8859.901419999993,0.4531581687827933,0.6771767279180381,6028.8776,6028.8776,10818.8032,5904.2754,5904.2754,3279.3988,2624.8766,229.42886179999957,124.88234399999983,4573.449222400001,0.0,5584.043093799993,4.9934,0.7356,2.2628,13.1268,19.3846
dbpedia,route_priority,10,high_variance,2,8,64,10578023270251871138,12023714927513869893,1159832224,0.92758,816.1730410493922,1222.34001948,1216.829,1589.29695,1922.270509999995,0.27848605577689245,0.44972359181234123,1274.476,1274.476,1572.4744,1149.8738,1149.8738,133.5022,1016.3716,44.6575604,25.326841800000004,884.3413954000022,0.0,1147.6160450000004,1.004,0.0716,0.2796,1.806,4.0158
dbpedia,route_priority,10,high_variance,2,8,96,10578023270251871138,12023714927513869893,1159832224,0.94352,617.2682436605901,1617.12428352,1617.931,2099.68095,2389.413149999996,0.29547410084322834,0.48000517107644575,1730.5306,1730.5306,2316.4534,1605.9284,1605.9284,196.5572,1409.3712,62.30144259999995,34.97953640000006,1233.3932498000042,0.0,1556.2541023999972,1.1622,0.088,0.3434,2.2278,4.6412
dbpedia,route_priority,10,high_variance,2,8,128,10578023270251871138,12023714927513869893,1159832224,0.9496,490.27319641729474,2036.70791504,2045.6005,2662.2026,2981.9709499999994,0.3663534586165534,0.5718861120217891,2161.1894,2161.1894,3060.2412,2036.5872,2036.5872,259.3858,1777.2014,77.9326975999998,44.09873199999996,1564.4449065999963,0.0,1971.4917057999942,2.0008,0.1982,0.733,4.5354,7.9306
dbpedia,route_priority,10,high_variance,2,8,192,10578023270251871138,12023714927513869893,1159832224,0.95548,362.32428768095934,2756.88708756,2766.8954999999996,3672.2993999999994,4081.6383799999962,0.3702472876551657,0.5755063775195519,2977.8842,2977.8842,4555.4248,2853.282,2853.282,385.1988,2468.0832,109.3654508000001,61.430450599999794,2189.6704891999966,0.0,2696.6426404000017,2.0462,0.2058,0.7576,4.6654,8.1066
dbpedia,route_priority,10,high_variance,2,8,256,10578023270251871138,12023714927513869893,1159832224,0.95834,286.9947278946248,3481.29503612,3495.7704999999996,4678.0641000000005,5156.946889999998,0.40893653858959844,0.6268548004607358,3750.0314,3750.0314,6050.3076,3625.4292,3625.4292,510.3886,3115.0406,138.85984559999955,77.45586879999985,2769.5689062,0.0,3406.591062200001,3.0034,0.3606,1.2282,7.4014,11.8072
dbpedia,route_priority,10,high_variance,2,8,460,10578023270251871138,12023714927513869893,1159832224,0.96282,178.48184363999732,5599.51056232,5614.297500000001,7683.182449999999,8486.862879999997,0.4606480554331718,0.6819949857103061,6028.8776,6028.8776,10818.8032,5904.2754,5904.2754,905.9614,4998.314,224.06075299999998,124.2709598000001,4501.382831399998,0.0,5490.45236020001,4.9934,0.716,2.3002,13.2202,19.3846
dbpedia,route_priority,10,high_variance,4,8,64,10578023270251871138,12023714927513869893,1159832224,0.92758,815.7499379185297,1223.05904232,1216.3229999999999,1586.1849499999998,1938.8586899999984,0.27848605577689245,0.44972359181234123,1274.476,1274.476,1572.4744,1149.8738,1149.8738,265.7466,884.1272,44.65121379999977,25.348138799999973,879.2002927999997,0.0,1142.9566110000019,1.004,0.0716,0.2796,1.806,4.0158
dbpedia,route_priority,10,high_variance,4,8,96,10578023270251871138,12023714927513869893,1159832224,0.94352,613.2995515172963,1627.32381244,1628.1309999999999,2116.53145,2404.1711399999995,0.29547410084322834,0.48000517107644575,1730.5306,1730.5306,2316.4534,1605.9284,1605.9284,390.468,1215.4604,61.311840400000115,34.99959580000006,1238.6585436000023,0.0,1560.9016367999955,1.1622,0.088,0.3434,2.2278,4.6412
dbpedia,route_priority,10,high_variance,4,8,128,10578023270251871138,12023714927513869893,1159832224,0.9496,488.85614326911383,2042.6845652,2051.5325000000003,2667.9126499999998,2983.7178499999964,0.3663534586165534,0.5718861120217891,2161.1894,2161.1894,3060.2412,2036.5872,2036.5872,514.1852,1522.402,78.47706659999992,44.39138600000018,1562.2377912,0.0,1971.8138287999996,2.0008,0.1982,0.733,4.5354,7.9306
dbpedia,route_priority,10,high_variance,4,8,192,10578023270251871138,12023714927513869893,1159832224,0.95548,359.83127308244025,2776.13520688,2787.374,3683.9548999999997,4090.55328,0.3702472876551657,0.5755063775195519,2977.8842,2977.8842,4555.4248,2853.282,2853.282,760.6502,2092.6318,109.56515060000017,61.418935600000076,2200.264997999995,0.0,2710.8302527999936,2.0462,0.2058,0.7576,4.6654,8.1066
dbpedia,route_priority,10,high_variance,4,8,256,10578023270251871138,12023714927513869893,1159832224,0.95834,284.9797174719314,3505.8693872,3519.174,4707.08875,5236.7622999999985,0.40893653858959844,0.6268548004607358,3750.0314,3750.0314,6050.3076,3625.4292,3625.4292,1004.4714,2620.9578,140.82980260000008,77.19920260000023,2792.734942800003,0.0,3438.148206199997,3.0034,0.3606,1.2282,7.4014,11.8072
dbpedia,route_priority,10,high_variance,4,8,460,10578023270251871138,12023714927513869893,1159832224,0.96282,176.9439035767204,5648.2913118,5669.584500000001,7764.525949999999,8531.115539999995,0.4606480554331718,0.6819949857103061,6028.8776,6028.8776,10818.8032,5904.2754,5904.2754,1767.4638,4136.8116,227.8769980000005,124.28512160000002,4547.585235799984,0.0,5551.734995999993,4.9934,0.716,2.3002,13.2202,19.3846
dbpedia,route_priority,10,high_variance,8,8,64,10578023270251871138,12023714927513869893,1159832224,0.92758,812.1277478933655,1228.45383364,1222.5320000000002,1597.1210999999998,1930.0216199999943,0.27848605577689245,0.44972359181234123,1274.476,1274.476,1572.4744,1149.8738,1149.8738,520.0454,629.8284,44.65705379999984,25.321777600000075,882.6164226000005,0.0,1145.960543799998,1.004,0.0716,0.2796,1.806,4.0158
dbpedia,route_priority,10,high_variance,8,8,96,10578023270251871138,12023714927513869893,1159832224,0.94352,611.6896706170749,1631.97568236,1633.5735,2125.1209,2394.882549999999,0.29547410084322834,0.48000517107644575,1730.5306,1730.5306,2316.4534,1605.9284,1605.9284,758.4876,847.4408,61.5107721999998,34.98562559999997,1247.3945313999955,0.0,1570.068868000001,1.1622,0.088,0.3434,2.2278,4.6412
dbpedia,route_priority,10,high_variance,8,8,128,10578023270251871138,12023714927513869893,1159832224,0.9496,486.67347741636985,2051.79656828,2060.5485,2683.36,3001.221699999999,0.3663534586165534,0.5718861120217891,2161.1894,2161.1894,3060.2412,2036.5872,2036.5872,992.1844,1044.4028,77.84446140000007,44.06994060000002,1569.7475768000015,0.0,1978.7415127999957,2.0008,0.1982,0.733,4.5354,7.9306
dbpedia,route_priority,10,high_variance,8,8,192,10578023270251871138,12023714927513869893,1159832224,0.95548,358.79355069456824,2784.03131904,2797.6385,3698.09125,4101.0559099999955,0.3702472876551657,0.5755063775195519,2977.8842,2977.8842,4555.4248,2853.282,2853.282,1451.856,1401.426,110.19339580000003,61.12376639999987,2206.4305279999908,0.0,2718.000028399999,2.0462,0.2058,0.7576,4.6654,8.1066
dbpedia,route_priority,10,high_variance,8,8,256,10578023270251871138,12023714927513869893,1159832224,0.95834,284.2536717836557,3514.92446292,3532.8,4723.45675,5218.199739999995,0.40893653858959844,0.6268548004607358,3750.0314,3750.0314,6050.3076,3625.4292,3625.4292,1900.7446,1724.6846,138.47026939999935,77.19244160000012,2795.307568,0.0,3437.2374919999897,3.0034,0.3606,1.2282,7.4014,11.8072
dbpedia,route_priority,10,high_variance,8,8,460,10578023270251871138,12023714927513869893,1159832224,0.96282,176.69735139959556,5656.1171312,5668.246,7780.60635,8573.52113,0.4606480554331718,0.6819949857103061,6028.8776,6028.8776,10818.8032,5904.2754,5904.2754,3279.3988,2624.8766,226.6624774000001,124.49291340000029,4545.792794999996,0.0,5549.069032599989,4.9934,0.716,2.3002,13.2202,19.3846
dbpedia,route_priority,10,short_code_selected,2,8,64,10578023270251871138,12097386618661123718,1159832224,0.92758,818.2720089718583,1219.28388524,1217.2395000000001,1578.6604,1845.9873399999972,0.2701195219123506,0.442751133024553,1274.476,1274.476,1572.4744,1149.8738,1149.8738,133.5022,1016.3716,44.3632056,25.404802999999998,888.0018644000003,0.0,1150.5874286000014,1.004,0.077,0.2712,1.778,4.0158
dbpedia,route_priority,10,short_code_selected,2,8,96,10578023270251871138,12097386618661123718,1159832224,0.94352,606.0260640453341,1647.2211668,1647.9495,2153.9086500000003,2448.480389999998,0.2889347788676648,0.4723778333189692,1730.5306,1730.5306,2316.4534,1605.9284,1605.9284,196.5572,1409.3712,67.63194439999995,35.06645040000007,1257.9615139999964,0.0,1593.0001191999995,1.1622,0.0946,0.3358,2.1924,4.6412
dbpedia,route_priority,10,short_code_selected,2,8,128,10578023270251871138,12097386618661123718,1159832224,0.9496,476.7009475381646,2094.42909352,2101.255,2745.6223,3066.60805,0.35415833666533386,0.5658083877638515,2161.1894,2161.1894,3060.2412,2036.5872,2036.5872,259.3858,1777.2014,87.4821020000003,45.17754940000003,1604.6042932000005,0.0,2039.1466699999976,2.0008,0.2008,0.7086,4.4872,7.9306
dbpedia,route_priority,10,short_code_selected,2,8,192,10578023270251871138,12097386618661123718,1159832224,0.95548,360.5969758443486,2770.16769552,2779.2135,3689.9578,4090.965279999999,0.35754080735021015,0.568993166062221,2977.8842,2977.8842,4555.4248,2853.282,2853.282,385.1988,2468.0832,108.31357540000006,61.30855520000006,2189.072194000003,0.0,2695.703245999995,2.0462,0.2088,0.7316,4.6126,8.1066
dbpedia,route_priority,10,short_code_selected,2,8,256,10578023270251871138,12097386618661123718,1159832224,0.95834,286.9794999324061,3481.40541768,3492.583,4684.006899999999,5172.519049999999,0.4005460478124792,0.6194355986177925,3750.0314,3750.0314,6050.3076,3625.4292,3625.4292,510.3886,3115.0406,138.32888139999986,77.38558999999985,2759.314722999992,0.0,3396.355852199995,3.0034,0.357,1.203,7.3138,11.8072
dbpedia,route_priority,10,short_code_selected,2,8,460,10578023270251871138,12097386618661123718,1159832224,0.96282,177.96498909662415,5615.92643136,5630.273999999999,7716.740549999999,8537.43712,0.4511955781631754,0.6739370428071768,6028.8776,6028.8776,10818.8032,5904.2754,5904.2754,905.9614,4998.314,225.14437879999997,124.60473619999969,4529.827645799996,0.0,5528.108446800002,4.9934,0.7188,2.253,13.064,19.3846
dbpedia,route_priority,10,short_code_selected,4,8,64,10578023270251871138,12097386618661123718,1159832224,0.92758,815.9007883099783,1222.77098616,1217.618,1586.7019,1904.25315,0.2701195219123506,0.442751133024553,1274.476,1274.476,1572.4744,1149.8738,1149.8738,265.7466,884.1272,44.957115400000006,25.380220600000005,886.8772489999991,0.0,1152.349467999995,1.004,0.077,0.2712,1.778,4.0158
dbpedia,route_priority,10,short_code_selected,4,8,96,10578023270251871138,12097386618661123718,1159832224,0.94352,612.6272159578139,1629.47826136,1631.335,2128.63675,2424.784289999999,0.2889347788676648,0.4723778333189692,1730.5306,1730.5306,2316.4534,1605.9284,1605.9284,390.468,1215.4604,61.91256280000011,35.056035999999885,1247.5016144000003,0.0,1571.3395540000035,1.1622,0.0946,0.3358,2.1924,4.6412
dbpedia,route_priority,10,short_code_selected,4,8,128,10578023270251871138,12097386618661123718,1159832224,0.9496,491.60453180131236,2030.8771678,2040.2575,2651.3471499999996,2976.2681599999983,0.35415833666533386,0.5658083877638515,2161.1894,2161.1894,3060.2412,2036.5872,2036.5872,514.1852,1522.402,75.32083740000019,44.155314600000054,1556.8002971999963,0.0,1959.4009963999997,2.0008,0.2008,0.7086,4.4872,7.9306
dbpedia,route_priority,10,short_code_selected,4,8,192,10578023270251871138,12097386618661123718,1159832224,0.95548,361.2797640081495,2764.97229572,2774.4804999999997,3682.2087,4096.319009999998,0.35754080735021015,0.568993166062221,2977.8842,2977.8842,4555.4248,2853.282,2853.282,760.6502,2092.6318,110.92845419999978,61.59235440000003,2197.735252400003,0.0,2709.1322178000064,2.0462,0.2088,0.7316,4.6126,8.1066
dbpedia,route_priority,10,short_code_selected,4,8,256,10578023270251871138,12097386618661123718,1159832224,0.95834,286.6985914738801,3484.92986316,3499.2219999999998,4687.1989,5175.334869999998,0.4005460478124792,0.6194355986177925,3750.0314,3750.0314,6050.3076,3625.4292,3625.4292,1004.4714,2620.9578,133.70896060000027,77.34510180000001,2760.582606599999,0.0,3389.8208247999974,3.0034,0.357,1.203,7.3138,11.8072
dbpedia,route_priority,10,short_code_selected,4,8,460,10578023270251871138,12097386618661123718,1159832224,0.96282,177.91908727766645,5617.29765176,5634.0599999999995,7714.9334,8515.554699999991,0.4511955781631754,0.6739370428071768,6028.8776,6028.8776,10818.8032,5904.2754,5904.2754,1767.4638,4136.8116,221.19062620000076,124.83677879999985,4531.913688199988,0.0,5519.983530000001,4.9934,0.7188,2.253,13.064,19.3846
dbpedia,route_priority,10,short_code_selected,8,8,64,10578023270251871138,12097386618661123718,1159832224,0.92758,813.1361194522084,1227.0310914,1223.559,1594.57525,1902.3862699999997,0.2701195219123506,0.442751133024553,1274.476,1274.476,1572.4744,1149.8738,1149.8738,520.0454,629.8284,43.17982379999986,25.375369400000032,877.3259603999996,0.0,1137.664131799999,1.004,0.077,0.2712,1.778,4.0158
dbpedia,route_priority,10,short_code_selected,8,8,96,10578023270251871138,12097386618661123718,1159832224,0.94352,611.1646418522586,1633.34875168,1634.3935000000001,2129.4081,2429.08309,0.2889347788676648,0.4723778333189692,1730.5306,1730.5306,2316.4534,1605.9284,1605.9284,758.4876,847.4408,61.04190680000006,35.08248640000015,1256.8895572000033,0.0,1580.768459399996,1.1622,0.0946,0.3358,2.1924,4.6412
dbpedia,route_priority,10,short_code_selected,8,8,128,10578023270251871138,12097386618661123718,1159832224,0.9496,488.6512544772953,2043.59352096,2052.638,2670.6724,3003.186469999999,0.35415833666533386,0.5658083877638515,2161.1894,2161.1894,3060.2412,2036.5872,2036.5872,992.1844,1044.4028,75.43402660000007,44.15703639999993,1566.5793917999986,0.0,1971.1944610000014,2.0008,0.2008,0.7086,4.4872,7.9306
dbpedia,route_priority,10,short_code_selected,8,8,192,10578023270251871138,12097386618661123718,1159832224,0.95548,359.3024536215355,2780.23770524,2790.5564999999997,3698.1434999999997,4136.954089999999,0.35754080735021015,0.568993166062221,2977.8842,2977.8842,4555.4248,2853.282,2853.282,1451.856,1401.426,105.57425580000034,61.290689000000185,2202.3594879999955,0.0,2707.190134200003,2.0462,0.2088,0.7316,4.6126,8.1066
dbpedia,route_priority,10,short_code_selected,8,8,256,10578023270251871138,12097386618661123718,1159832224,0.95834,280.80881831090693,3557.99744128,3563.2575,4818.9950499999995,5355.036109999999,0.4005460478124792,0.6194355986177925,3750.0314,3750.0314,6050.3076,3625.4292,3625.4292,1900.7446,1724.6846,135.20340580000016,77.34101080000023,2791.8071836000004,0.0,3428.898257200004,3.0034,0.357,1.203,7.3138,11.8072
dbpedia,route_priority,10,short_code_selected,8,8,460,10578023270251871138,12097386618661123718,1159832224,0.96282,172.34229459498067,5799.25403992,5811.1900000000005,8024.25335,8864.159019999994,0.4511955781631754,0.6739370428071768,6028.8776,6028.8776,10818.8032,5904.2754,5904.2754,3279.3988,2624.8766,243.29919020000062,124.5182575999999,4642.3917311999985,0.0,5684.78877219998,4.9934,0.7188,2.253,13.064,19.3846
dbpedia,route_priority,12,equal_interval,2,8,64,10578023270251871138,6524399178381431346,1159832224,0.92758,817.1155765413448,1220.97373912,1212.5459999999998,1596.36615,1959.4908999999998,0.28266932270916334,0.44887693610239554,1274.476,1274.476,1572.4744,1149.8738,1149.8738,133.5022,1016.3716,43.72446319999993,25.595515400000004,872.2557887999989,0.0,1132.9964658000001,1.004,0.0858,0.2838,1.8026,4.0158
dbpedia,route_priority,12,equal_interval,2,8,96,10578023270251871138,6524399178381431346,1159832224,0.94352,620.1138626466102,1609.7872962,1611.114,2094.39205,2382.8607399999996,0.30356220960247804,0.4802637248987331,1730.5306,1730.5306,2316.4534,1605.9284,1605.9284,196.5572,1409.3712,61.299945800000245,35.365675799999885,1234.053632400001,0.0,1555.2710389999995,1.1622,0.1064,0.3528,2.229,4.6412
dbpedia,route_priority,12,equal_interval,2,8,128,10578023270251871138,6524399178381431346,1159832224,0.9496,492.6557755047095,2026.89955952,2035.659,2646.1803,2968.2914499999993,0.3707516993202719,0.5733740196202053,2161.1894,2161.1894,3060.2412,2036.5872,2036.5872,259.3858,1777.2014,77.28645499999999,44.53419639999995,1555.5674557999962,0.0,1962.438889200002,2.0008,0.2226,0.7418,4.5472,7.9306
dbpedia,route_priority,12,equal_interval,2,8,192,10578023270251871138,6524399178381431346,1159832224,0.95548,357.7975138458145,2791.9102184,2798.438,3726.5640000000003,4151.76521,0.3752321376209559,0.5765919127624405,2977.8842,2977.8842,4555.4248,2853.282,2853.282,385.1988,2468.0832,108.89237580000008,61.727390800000016,2180.864349200008,0.0,2687.2501597999976,2.0462,0.2316,0.7678,4.6742,8.1066
dbpedia,route_priority,12,equal_interval,2,8,256,10578023270251871138,6524399178381431346,1159832224,0.95834,288.3772347462858,3464.62998948,3476.7315,4661.56565,5172.2243100000005,0.4152627022707598,0.6263805135849312,3750.0314,3750.0314,6050.3076,3625.4292,3625.4292,510.3886,3115.0406,133.96366280000015,77.96838799999995,2748.9990825999985,0.0,3378.4100282000104,3.0034,0.39,1.2472,7.3958,11.8072
dbpedia,route_priority,12,equal_interval,2,8,460,10578023270251871138,6524399178381431346,1159832224,0.96282,179.24632177090936,5575.68043544,5593.495,7667.0134,8471.816069999999,0.461048584131053,0.6795187932688835,6028.8776,6028.8776,10818.8032,5904.2754,5904.2754,905.9614,4998.314,219.14246740000067,125.4505224000002,4506.88820899999,0.0,5490.522271399988,4.9934,0.7686,2.3022,13.1722,19.3846
dbpedia,route_priority,12,equal_interval,4,8,64,10578023270251871138,6524399178381431346,1159832224,0.92758,821.2501602735717,1214.90509628,1209.864,1579.9713499999998,1900.255689999999,0.28266932270916334,0.44887693610239554,1274.476,1274.476,1572.4744,1149.8738,1149.8738,265.7466,884.1272,43.04954940000004,25.614708200000035,872.1715054000022,0.0,1131.6769915999987,1.004,0.0858,0.2838,1.8026,4.0158
dbpedia,route_priority,12,equal_interval,4,8,96,10578023270251871138,6524399178381431346,1159832224,0.94352,616.8597807470641,1618.23648752,1620.088,2109.4373499999997,2395.2386199999996,0.30356220960247804,0.4802637248987331,1730.5306,1730.5306,2316.4534,1605.9284,1605.9284,390.468,1215.4604,60.916714600000226,35.37094580000002,1246.0259995999932,0.0,1568.5609804000012,1.1622,0.1064,0.3528,2.229,4.6412
dbpedia,route_priority,12,equal_interval,4,8,128,10578023270251871138,6524399178381431346,1159832224,0.9496,492.16860013608374,2028.9205626,2036.4695,2650.1845,2952.6395799999977,0.3707516993202719,0.5733740196202053,2161.1894,2161.1894,3060.2412,2036.5872,2036.5872,514.1852,1522.402,75.27749719999994,44.930341799999916,1554.8032284000014,0.0,1958.5572429999982,2.0008,0.2226,0.7418,4.5472,7.9306
dbpedia,route_priority,12,equal_interval,4,8,192,10578023270251871138,6524399178381431346,1159832224,0.95548,349.4088896725303,2858.6375404,2866.8955,3821.2029,4228.250679999999,0.3752321376209559,0.5765919127624405,2977.8842,2977.8842,4555.4248,2853.282,2853.282,760.6502,2092.6318,125.87142980000009,61.75265459999995,2291.3335868000036,0.0,2840.7613288,2.0462,0.2316,0.7678,4.6742,8.1066
dbpedia,route_priority,12,equal_interval,4,8,256,10578023270251871138,6524399178381431346,1159832224,0.95834,270.3281560080631,3696.18345092,3708.735,4981.46975,5516.241079999997,0.4152627022707598,0.6263805135849312,3750.0314,3750.0314,6050.3076,3625.4292,3625.4292,1004.4714,2620.9578,166.20379600000018,77.91832099999979,2965.467229399993,0.0,3679.161816400003,3.0034,0.39,1.2472,7.3958,11.8072
dbpedia,route_priority,12,equal_interval,4,8,460,10578023270251871138,6524399178381431346,1159832224,0.96282,176.515659758606,5662.04820208,5673.3575,7796.93745,8687.964149999993,0.461048584131053,0.6795187932688835,6028.8776,6028.8776,10818.8032,5904.2754,5904.2754,1767.4638,4136.8116,221.60591459999964,125.88395999999999,4530.223559000012,0.0,5522.311306999995,4.9934,0.7686,2.3022,13.1722,19.3846
dbpedia,route_priority,12,equal_interval,8,8,64,10578023270251871138,6524399178381431346,1159832224,0.92758,813.7596383478907,1225.93597064,1219.7855,1585.7766499999998,1923.91047,0.28266932270916334,0.44887693610239554,1274.476,1274.476,1572.4744,1149.8738,1149.8738,520.0454,629.8284,43.885971199999936,25.933931800000018,888.9594067999966,0.0,1153.9962577999975,1.004,0.0858,0.2838,1.8026,4.0158
dbpedia,route_priority,12,equal_interval,8,8,96,10578023270251871138,6524399178381431346,1159832224,0.94352,612.3950896155728,1630.05484284,1629.2959999999998,2126.36485,2439.5705,0.30356220960247804,0.4802637248987331,1730.5306,1730.5306,2316.4534,1605.9284,1605.9284,758.4876,847.4408,60.18869659999999,35.360787200000075,1252.5988000000025,0.0,1574.6813669999995,1.1622,0.1064,0.3528,2.229,4.6412
dbpedia,route_priority,12,equal_interval,8,8,128,10578023270251871138,6524399178381431346,1159832224,0.9496,488.0860630676018,2045.80504956,2053.4674999999997,2670.4263499999997,2998.7206899999987,0.3707516993202719,0.5733740196202053,2161.1894,2161.1894,3060.2412,2036.5872,2036.5872,992.1844,1044.4028,75.45106640000003,44.537599400000104,1573.9575975999976,0.0,1979.1528970000006,2.0008,0.2226,0.7418,4.5472,7.9306
dbpedia,route_priority,12,equal_interval,8,8,192,10578023270251871138,6524399178381431346,1159832224,0.95548,358.2455807360559,2788.42941372,2795.4184999999998,3710.2846,4154.550279999996,0.3752321376209559,0.5765919127624405,2977.8842,2977.8842,4555.4248,2853.282,2853.282,1451.856,1401.426,107.26684119999996,61.733621999999976,2213.952657800002,0.0,2721.78011379999,2.0462,0.2316,0.7678,4.6742,8.1066
dbpedia,route_priority,12,equal_interval,8,8,256,10578023270251871138,6524399178381431346,1159832224,0.95834,284.9595472624501,3506.2485648,3519.466,4717.1335,5251.86099,0.4152627022707598,0.6263805135849312,3750.0314,3750.0314,6050.3076,3625.4292,3625.4292,1900.7446,1724.6846,135.21809700000017,77.96113319999998,2788.2089495999994,0.0,3424.3732615999943,3.0034,0.39,1.2472,7.3958,11.8072
dbpedia,route_priority,12,equal_interval,8,8,460,10578023270251871138,6524399178381431346,1159832224,0.96282,177.1050319265404,5643.11484864,5655.942,7773.38645,8540.150419999998,0.461048584131053,0.6795386313693528,6028.8776,6028.8776,10818.8032,5904.2754,5904.2754,3279.3988,2624.8766,219.6512271999997,125.36439399999959,4541.986551599999,0.0,5534.069880999995,4.9934,0.7682,2.3022,13.1734,19.3858
dbpedia,route_priority,12,high_variance,2,8,64,10578023270251871138,15350149552514242372,1159832224,0.92758,820.1750087973256,1216.49613588,1209.9375,1577.8340500000002,1912.776289999999,0.2894422310756972,0.4653120175307535,1274.476,1274.476,1572.4744,1149.8738,1149.8738,133.5022,1016.3716,42.91283300000001,25.507882000000002,871.7624176000029,0.0,1131.352339600003,1.004,0.0846,0.2906,1.8686,4.0158
dbpedia,route_priority,12,high_variance,2,8,96,10578023270251871138,15350149552514242372,1159832224,0.94352,619.4918741696068,1611.34576404,1611.2514999999999,2100.0281,2390.0492799999997,0.305971433488212,0.49379470826510385,1730.5306,1730.5306,2316.4534,1605.9284,1605.9284,196.5572,1409.3712,59.64107659999989,35.267653400000036,1234.1826658000027,0.0,1552.1048753999953,1.1622,0.101,0.3556,2.2918,4.6412
dbpedia,route_priority,12,high_variance,2,8,128,10578023270251871138,15350149552514242372,1159832224,0.9496,490.9418264677739,2034.01162444,2041.901,2658.50425,2997.7277699999986,0.37744902039184325,0.584571154767609,2161.1894,2161.1894,3060.2412,2036.5872,2036.5872,259.3858,1777.2014,77.3891094000003,44.4025276,1556.8516451999988,0.0,1963.4764607999966,2.0008,0.224,0.7552,4.636,7.9306
dbpedia,route_priority,12,high_variance,2,8,192,10578023270251871138,15350149552514242372,1159832224,0.95548,362.93881696756046,2752.23479136,2762.487,3659.74795,4065.236189999997,0.3811944091486658,0.5876939777465275,2977.8842,2977.8842,4555.4248,2853.282,2853.282,385.1988,2468.0832,106.28407859999959,61.59263480000005,2187.3733556000134,0.0,2690.7966483999994,2.0462,0.2316,0.78,4.7642,8.1066
dbpedia,route_priority,12,high_variance,2,8,256,10578023270251871138,15350149552514242372,1159832224,0.95834,287.4523318905476,3475.8501684,3489.0695,4679.4217499999995,5162.006529999998,0.42152227475527737,0.6366454366827021,3750.0314,3750.0314,6050.3076,3625.4292,3625.4292,510.3886,3115.0406,139.73242640000026,77.70843659999993,2761.8608148000008,0.0,3401.1453260000035,3.0034,0.3902,1.266,7.517,11.8072
dbpedia,route_priority,12,high_variance,2,8,460,10578023270251871138,15350149552514242372,1159832224,0.96282,177.1011934012269,5643.3175914,5656.5535,7770.132449999999,8555.89502,0.47318460367685344,0.6888045149242182,6028.8776,6028.8776,10818.8032,5904.2754,5904.2754,905.9614,4998.314,246.34688579999963,125.02997019999968,4596.557432399993,0.0,5635.910269999996,4.9934,0.7608,2.3628,13.3522,19.3846
dbpedia,route_priority,12,high_variance,4,8,64,10578023270251871138,15350149552514242372,1159832224,0.92758,819.3064936420675,1217.6876288,1211.0945000000002,1581.90355,1911.9538599999953,0.2894422310756972,0.4653120175307535,1274.476,1274.476,1572.4744,1149.8738,1149.8738,265.7466,884.1272,43.28970319999999,25.52060439999995,874.1991760000002,0.0,1133.968610600003,1.004,0.0846,0.2906,1.8686,4.0158
dbpedia,route_priority,12,high_variance,4,8,96,10578023270251871138,15350149552514242372,1159832224,0.94352,617.3979824678506,1616.84507084,1619.7685,2102.8493,2405.1632399999976,0.305971433488212,0.49379470826510385,1730.5306,1730.5306,2316.4534,1605.9284,1605.9284,390.468,1215.4604,59.54660580000008,35.520465800000046,1240.832328599999,0.0,1560.0964226000008,1.1622,0.101,0.3556,2.2918,4.6412
dbpedia,route_priority,12,high_variance,4,8,128,10578023270251871138,15350149552514242372,1159832224,0.9496,490.7627267263767,2034.676542,2042.6080000000002,2654.64255,2977.6510399999997,0.37744902039184325,0.584571154767609,2161.1894,2161.1894,3060.2412,2036.5872,2036.5872,514.1852,1522.402,76.4675374000001,44.37153819999986,1567.5769478000038,0.0,1972.6409616,2.0008,0.224,0.7552,4.636,7.9306
dbpedia,route_priority,12,high_variance,4,8,192,10578023270251871138,15350149552514242372,1159832224,0.95548,361.19866608103706,2765.58536364,2773.379,3676.66065,4123.875769999999,0.3811944091486658,0.5876939777465275,2977.8842,2977.8842,4555.4248,2853.282,2853.282,760.6502,2092.6318,105.48609280000015,61.53329420000001,2191.5285094000033,0.0,2693.6505458000056,2.0462,0.2316,0.78,4.7642,8.1066
dbpedia,route_priority,12,high_variance,4,8,256,10578023270251871138,15350149552514242372,1159832224,0.95834,282.18744508764286,3540.39553736,3546.9120000000003,4785.944600000001,5302.608549999999,0.42152227475527737,0.6366454366827021,3750.0314,3750.0314,6050.3076,3625.4292,3625.4292,1004.4714,2620.9578,154.46764440000004,77.6947729999999,2856.4582526000077,0.0,3540.645866599997,3.0034,0.3902,1.266,7.517,11.8072
dbpedia,route_priority,12,high_variance,4,8,460,10578023270251871138,15350149552514242372,1159832224,0.96282,169.86619868969606,5883.76417468,5888.108,8116.157099999999,8952.195799999998,0.47318460367685344,0.6888045149242182,6028.8776,6028.8776,10818.8032,5904.2754,5904.2754,1767.4638,4136.8116,259.02806660000107,124.97311400000041,4705.367923799981,0.0,5777.767355400009,4.9934,0.7608,2.3628,13.3522,19.3846
dbpedia,route_priority,12,high_variance,8,8,64,10578023270251871138,15350149552514242372,1159832224,0.92758,800.6851894963415,1246.13474728,1240.6585,1624.5172,1971.64122,0.2894422310756972,0.4653120175307535,1274.476,1274.476,1572.4744,1149.8738,1149.8738,520.0454,629.8284,50.08647059999998,25.49411880000003,918.3873535999991,0.0,1202.6800924000045,1.004,0.0846,0.2906,1.8686,4.0158
dbpedia,route_priority,12,high_variance,8,8,96,10578023270251871138,15350149552514242372,1159832224,0.94352,591.2478495713109,1688.34358696,1688.47,2210.078,2508.611799999999,0.305971433488212,0.49379470826510385,1730.5306,1730.5306,2316.4534,1605.9284,1605.9284,758.4876,847.4408,70.8793143999999,35.610028,1282.279839199999,0.0,1630.1688170000016,1.1622,0.101,0.3556,2.2918,4.6412
dbpedia,route_priority,12,high_variance,8,8,128,10578023270251871138,15350149552514242372,1159832224,0.9496,483.97517390056527,2063.31664132,2072.3985000000002,2706.7931,3040.3230099999987,0.37754898040783685,0.5845754205442486,2161.1894,2161.1894,3060.2412,2036.5872,2036.5872,992.1844,1044.4028,75.31642359999995,44.35070139999994,1573.6667709999952,0.0,1977.6773887999993,2.0008,0.2242,0.7554,4.6358,7.9302
dbpedia,route_priority,12,high_variance,8,8,192,10578023270251871138,15350149552514242372,1159832224,0.95548,359.9234862301832,2775.36268288,2787.1395,3690.60385,4107.613609999996,0.3811944091486658,0.5876939777465275,2977.8842,2977.8842,4555.4248,2853.282,2853.282,1451.856,1401.426,105.71989320000004,61.527700599999996,2191.7739468000004,0.0,2695.482007600002,2.0462,0.2316,0.78,4.7642,8.1066
dbpedia,route_priority,12,high_variance,8,8,256,10578023270251871138,15350149552514242372,1159832224,0.95834,284.12721873009224,3516.56057884,3529.3285,4742.204299999999,5278.888139999997,0.42152227475527737,0.6366454366827021,3750.0314,3750.0314,6050.3076,3625.4292,3625.4292,1900.7446,1724.6846,135.5958811999998,77.9376177999999,2813.0000945999936,0.0,3450.607644799999,3.0034,0.3902,1.266,7.517,11.8072
dbpedia,route_priority,12,high_variance,8,8,460,10578023270251871138,15350149552514242372,1159832224,0.96282,175.7801364544121,5685.75834252,5699.6939999999995,7834.930249999999,8664.766469999999,0.47318460367685344,0.6888045149242182,6028.8776,6028.8776,10818.8032,5904.2754,5904.2754,3279.3988,2624.8766,221.00171060000025,124.94833340000032,4535.782037200006,0.0,5529.260660799993,4.9934,0.7608,2.3628,13.3522,19.3846
dbpedia,route_priority,12,short_code_selected,2,8,64,10578023270251871138,13011030711163224934,1159832224,0.92758,820.4152689598711,1215.99793704,1210.2555,1586.0833499999999,1918.0481899999986,0.2858565737051793,0.45007221475173065,1274.476,1274.476,1572.4744,1149.8738,1149.8738,133.5022,1016.3716,43.036455199999985,25.606667999999992,876.015284399998,0.0,1135.815619600002,1.004,0.0856,0.287,1.8074,4.0158
dbpedia,route_priority,12,short_code_selected,2,8,96,10578023270251871138,13011030711163224934,1159832224,0.94352,620.0598588959622,1609.86286292,1609.46,2097.4927,2385.6017099999995,0.30631560832903115,0.47953115573558563,1730.5306,1730.5306,2316.4534,1605.9284,1605.9284,196.5572,1409.3712,59.02899999999999,35.37817039999991,1227.8476451999989,0.0,1544.323669399998,1.1622,0.105,0.356,2.2256,4.6412
dbpedia,route_priority,12,short_code_selected,2,8,128,10578023270251871138,13011030711163224934,1159832224,0.9496,492.94443842792856,2025.5980608,2034.282,2646.6234999999997,2967.6771599999965,0.3700519792083167,0.5746601770357854,2161.1894,2161.1894,3060.2412,2036.5872,2036.5872,259.3858,1777.2014,75.31655960000016,44.52612320000005,1549.385963199998,0.0,1951.608587600006,2.0008,0.2196,0.7404,4.5574,7.9306
dbpedia,route_priority,12,short_code_selected,2,8,192,10578023270251871138,13011030711163224934,1159832224,0.95548,363.6482422301037,2746.94448404,2759.1785,3642.61415,4097.46226,0.37210438862281303,0.5773320504280463,2977.8842,2977.8842,4555.4248,2853.282,2853.282,385.1988,2468.0832,104.5983920000001,62.116404399999965,2178.2086768000036,0.0,2677.2336479999985,2.0462,0.227,0.7614,4.6802,8.1066
dbpedia,route_priority,12,short_code_selected,2,8,256,10578023270251871138,13011030711163224934,1159832224,0.95834,287.45167694179236,3475.74964316,3486.8019999999997,4674.0346,5175.945019999994,0.4045415196111074,0.6266684734738126,3750.0314,3750.0314,6050.3076,3625.4292,3625.4292,510.3886,3115.0406,141.9980908000001,78.01062880000003,2780.536995000005,0.0,3430.0114089999943,3.0034,0.3714,1.215,7.3992,11.8072
dbpedia,route_priority,12,short_code_selected,2,8,460,10578023270251871138,13011030711163224934,1159832224,0.96282,178.89611053664566,5586.6981332,5605.922500000001,7688.556299999999,8482.008969999999,0.4546000720951656,0.679591015548425,6028.8776,6028.8776,10818.8032,5904.2754,5904.2754,905.9614,4998.314,219.74996919999975,125.48592100000005,4511.261878199991,0.0,5496.614331999983,4.9934,0.728,2.27,13.1736,19.3846
dbpedia,route_priority,12,short_code_selected,4,8,64,10578023270251871138,13011030711163224934,1159832224,0.92758,817.683393316843,1220.189672,1215.8780000000002,1587.1977,1885.8041500000002,0.2858565737051793,0.45007221475173065,1274.476,1274.476,1572.4744,1149.8738,1149.8738,265.7466,884.1272,45.19804960000001,25.624269000000083,902.2429376000002,0.0,1167.7415017999951,1.004,0.0856,0.287,1.8074,4.0158
dbpedia,route_priority,12,short_code_selected,4,8,96,10578023270251871138,13011030711163224934,1159832224,0.94352,618.4256885031513,1614.07888784,1615.104,2097.79005,2391.4701599999994,0.30631560832903115,0.47953115573558563,1730.5306,1730.5306,2316.4534,1605.9284,1605.9284,390.468,1215.4604,59.25538159999978,35.35513080000001,1219.6442410000009,0.0,1537.4678027999998,1.1622,0.105,0.356,2.2256,4.6412
dbpedia,route_priority,12,short_code_selected,4,8,128,10578023270251871138,13011030711163224934,1159832224,0.9496,492.80233216169603,2026.3594854,2035.185,2645.35225,2956.7362399999984,0.3700519792083167,0.5746639429018183,2161.1894,2161.1894,3060.2412,2036.5872,2036.5872,514.1852,1522.402,74.66585359999982,44.541877199999945,1559.8277261999956,0.0,1960.4763309999953,2.0008,0.2198,0.7404,4.5572,7.9302
dbpedia,route_priority,12,short_code_selected,4,8,192,10578023270251871138,13011030711163224934,1159832224,0.95548,363.0931297965889,2751.07605728,2761.6324999999997,3652.00885,4039.702239999999,0.37210438862281303,0.5773358663738867,2977.8842,2977.8842,4555.4248,2853.282,2853.282,760.6502,2092.6318,105.6309002000002,61.783279199999875,2171.9966270000064,0.0,2673.7184627999977,2.0462,0.2272,0.7614,4.68,8.1062
dbpedia,route_priority,12,short_code_selected,4,8,256,10578023270251871138,13011030711163224934,1159832224,0.95834,286.9741244237523,3481.62742848,3495.1155,4675.6887,5188.025629999997,0.4045415196111074,0.6266684734738126,3750.0314,3750.0314,6050.3076,3625.4292,3625.4292,1004.4714,2620.9578,134.0563542000001,77.92710239999991,2784.1025269999946,0.0,3415.084591400009,3.0034,0.3714,1.215,7.3992,11.8072
dbpedia,route_priority,12,short_code_selected,4,8,460,10578023270251871138,13011030711163224934,1159832224,0.96282,178.51636452804752,5598.23952712,5614.5645,7681.26605,8521.05661,0.4546000720951656,0.6796108491782645,6028.8776,6028.8776,10818.8032,5904.2754,5904.2754,1767.4638,4136.8116,219.0216248000001,125.75035000000035,4507.4292947999975,0.0,5493.602273199999,4.9934,0.728,2.27,13.1748,19.3858
dbpedia,route_priority,12,short_code_selected,8,8,64,10578023270251871138,13011030711163224934,1159832224,0.92758,813.0444920330211,1227.15429756,1222.2625,1599.1275,1915.245969999999,0.2858565737051793,0.45007221475173065,1274.476,1274.476,1572.4744,1149.8738,1149.8738,520.0454,629.8284,43.12685100000004,25.59921540000005,887.136427400002,0.0,1147.9080791999997,1.004,0.0856,0.287,1.8074,4.0158
dbpedia,route_priority,12,short_code_selected,8,8,96,10578023270251871138,13011030711163224934,1159832224,0.94352,619.4143683842682,1611.40557432,1611.979,2108.3349999999996,2413.2358999999988,0.30631560832903115,0.47953115573558563,1730.5306,1730.5306,2316.4534,1605.9284,1605.9284,758.4876,847.4408,58.45731520000007,35.35031559999996,1228.3713714000005,0.0,1542.3124401999994,1.1622,0.105,0.356,2.2256,4.6412
dbpedia,route_priority,12,short_code_selected,8,8,128,10578023270251871138,13011030711163224934,1159832224,0.9496,494.30281469358727,2020.064996,2027.717,2645.11685,2944.8483799999995,0.3700519792083167,0.5746639429018183,2161.1894,2161.1894,3060.2412,2036.5872,2036.5872,992.1844,1044.4028,75.4650815999999,45.15655240000002,1547.7847744000012,0.0,1950.0759929999956,2.0008,0.2198,0.7404,4.5572,7.9302
dbpedia,route_priority,12,short_code_selected,8,8,192,10578023270251871138,13011030711163224934,1159832224,0.95548,362.3225690039813,2756.99527532,2764.535,3671.0996499999997,4107.601499999995,0.37210438862281303,0.5773320504280463,2977.8842,2977.8842,4555.4248,2853.282,2853.282,1451.856,1401.426,107.82756640000018,61.739326200000114,2190.3064684000005,0.0,2698.9270399999978,2.0462,0.227,0.7614,4.6802,8.1066
dbpedia,route_priority,12,short_code_selected,8,8,256,10578023270251871138,13011030711163224934,1159832224,0.95834,275.79861990732644,3622.71766272,3627.7765,4896.538699999999,5443.056399999998,0.4045415196111074,0.6266684734738126,3750.0314,3750.0314,6050.3076,3625.4292,3625.4292,1900.7446,1724.6846,160.7518484000001,77.92295439999987,2902.7739415999927,0.0,3595.1337694000067,3.0034,0.3714,1.215,7.3992,11.8072
dbpedia,route_priority,12,short_code_selected,8,8,460,10578023270251871138,13011030711163224934,1159832224,0.96282,170.58222267287064,5859.11622992,5863.7505,8097.8867,8898.654099999996,0.4546000720951656,0.6796108491782645,6028.8776,6028.8776,10818.8032,5904.2754,5904.2754,3279.3988,2624.8766,224.3692374000005,125.46874859999984,4543.8328452000205,0.0,5545.400737199997,4.9934,0.728,2.27,13.1748,19.3858
